Record_ID,Date,TV_Spend,Digital_Spend,Radio_Spend,Discount,Quantity,Region,Category,Competitor_Price,Customer_Count,Advertising_Spend,Sales,Profit,Month,Year
REC-00001,2022-04-13,10599.27,11842.98,4398.47,18.92,217,East,Food,433.99,1957,26840.72,30225.26,5184.51,4,2022
REC-00002,2023-03-12,6469.09,1651.06,4398.58,16.49,229,West,Electronics,274.25,869,12518.73,18001.87,2415.62,3,2023
REC-00003,2022-09-28,13177.61,2927.34,1719.0,20.69,409,South,Clothing,321.46,1522,17823.95,23384.73,3989.7,9,2022
REC-00004,2022-04-17,7970.92,810.02,1767.99,4.32,199,South,Clothing,152.27,506,10548.93,14198.84,1224.9,4,2022
REC-00005,2022-03-13,14610.1,7752.04,4946.24,17.86,397,West,Home,294.7,3072,27308.37,27330.62,2393.25,3,2022
REC-00006,2023-12-02,9228.06,2851.47,3168.26,5.16,438,East,Sports,362.74,1972,15247.8,18338.4,2640.95,12,2023
REC-00007,2022-01-21,3745.81,2324.12,2703.45,27.77,355,North,Clothing,281.83,2794,8773.39,14021.94,2200.7,1,2022
REC-00008,2023-09-07,12415.96,1244.96,4206.95,2.05,293,West,Electronics,495.63,2369,17867.87,23211.21,4741.92,9,2023
REC-00009,2022-05-02,5503.7,1419.05,1497.92,12.91,361,South,Electronics,325.1,4849,8420.67,17605.2,1666.38,5,2022
REC-00010,2023-04-12,5540.48,7099.11,2202.99,20.87,246,South,Sports,216.94,1281,14842.59,20914.48,4081.89,4,2023
REC-00011,2022-08-03,961.17,8320.85,1412.11,13.74,203,South,Sports,397.47,1539,10694.13,17634.35,1929.32,8,2022
REC-00012,2022-11-27,8456.37,4889.07,3966.89,2.76,296,East,Home,126.71,3153,17312.33,24258.58,3279.07,11,2022
REC-00013,2023-04-04,8249.14,5862.79,2909.41,16.6,268,South,Food,223.03,3433,17021.34,21815.66,2712.22,4,2023
REC-00014,2022-03-29,5661.88,8294.42,3328.24,19.25,255,West,Electronics,206.13,2997,17284.54,25432.48,3459.37,3,2022
REC-00016,2022-04-10,2366.85,4012.94,1179.1,11.2,289,South,Electronics,401.8,328,7558.9,18564.19,2793.91,4,2022
REC-00017,2023-10-26,5286.44,11682.55,2493.04,16.91,280,West,Sports,267.88,4059,19462.03,24860.09,4778.85,10,2023
REC-00018,2022-05-11,5162.95,7045.32,3714.07,13.52,180,South,Clothing,407.31,1993,15922.35,20610.95,2922.94,5,2022
REC-00019,2023-10-24,1838.21,3199.85,2673.67,20.16,168,South,Electronics,309.42,1413,7711.74,16192.78,2407.64,10,2023
REC-00020,2022-11-05,7476.61,6356.41,259.96,17.51,210,North,Clothing,203.93,1170,14092.99,20911.01,4157.68,11,2022
REC-00021,2022-12-10,10472.88,4243.31,4355.9,15.77,496,East,Electronics,414.49,1074,19072.09,23550.26,4211.92,12,2022
REC-00022,2023-05-07,7919.03,6480.49,416.97,7.49,54,East,Food,157.23,1838,14816.48,20273.06,3013.87,5,2023
REC-00023,2023-02-18,2776.18,1683.75,4783.54,0.06,459,North,Home,150.97,3385,9243.47,16720.69,1940.89,2,2023
REC-00024,2023-01-21,5970.65,1766.03,223.2,5.22,273,North,Clothing,277.03,857,7959.88,18587.32,3789.76,1,2023
REC-00025,2022-07-11,537.63,1893.8,3502.81,3.51,80,East,Sports,167.38,3195,5934.23,12915.49,2076.59,7,2022
REC-00026,2022-10-04,13090.37,11289.87,502.81,13.47,373,South,Food,54.09,420,24883.05,32139.67,3566.24,10,2022
REC-00027,2022-06-10,1725.5,8848.21,4562.32,18.37,380,South,Electronics,341.73,2421,15136.02,23324.93,2744.8,6,2022
REC-00028,2023-04-05,9160.53,2116.11,2375.72,6.39,112,East,Clothing,279.99,655,13652.36,16841.04,3240.87,4,2023
REC-00029,2022-11-10,14800.73,2422.52,773.87,28.17,499,South,Electronics,250.48,1486,17997.11,21541.14,1856.42,11,2022
REC-00030,2022-01-22,8280.56,8823.79,1770.0,0.2,134,North,Electronics,485.14,4863,18874.35,28742.18,6291.46,1,2022
REC-00031,2022-09-10,13898.61,2042.73,907.64,23.17,322,South,Electronics,307.04,3147,16848.98,19940.48,1959.14,9,2022
REC-00032,2023-07-15,3923.69,2967.82,935.85,18.76,473,South,Home,438.54,2527,7827.36,18050.34,3455.73,7,2023
REC-00033,2023-04-20,11519.35,11567.49,4745.73,11.21,492,West,Home,112.75,2104,27832.58,32738.42,4428.48,4,2023
REC-00034,2022-02-28,8203.35,3212.62,2281.71,1.51,295,West,Sports,306.14,2030,13697.68,17858.62,2659.33,2,2022
REC-00035,2023-05-26,10947.48,8007.26,3965.13,18.82,467,West,Clothing,440.59,4941,22919.88,26538.48,5395.04,5,2023
REC-00036,2023-11-13,1403.95,11747.85,3234.07,11.57,239,South,Food,312.4,4870,16385.87,22881.86,3153.29,11,2023
REC-00037,2023-04-21,2642.22,4616.7,3414.49,28.09,155,East,Food,373.11,2263,10673.41,14746.95,2289.45,4,2023
REC-00038,2023-12-01,2430.2,406.69,745.3,16.26,379,North,Food,217.42,3967,3582.18,11140.04,968.09,12,2023
REC-00039,2022-07-09,10463.9,3080.94,1247.5,28.19,206,South,Electronics,91.6,2526,14792.34,20235.02,1625.45,7,2022
REC-00040,2023-11-18,12744.39,10004.35,3955.08,6.61,382,East,Home,256.06,3893,26703.82,31124.12,3556.62,11,2023
REC-00041,2023-07-17,11369.44,10402.38,4856.75,21.77,230,South,Clothing,227.52,2613,26628.57,27856.67,4882.76,7,2023
REC-00042,2023-07-21,941.85,9268.53,1387.11,18.52,432,North,Electronics,440.18,3903,11597.49,24916.63,2416.34,7,2023
REC-00043,2022-09-01,13074.62,1534.7,1430.69,22.18,69,South,Home,159.8,2427,16040.0,18515.94,1776.17,9,2022
REC-00044,2023-05-20,5635.13,9587.02,2417.2,6.44,107,North,Home,485.03,717,17639.35,24844.11,3416.92,5,2023
REC-00045,2022-05-11,6258.88,11040.4,4920.82,19.95,180,South,Clothing,481.16,2265,22220.09,24698.32,4215.93,5,2022
REC-00046,2023-04-30,2020.6,7287.19,1417.9,14.94,391,North,Clothing,161.43,3408,10725.69,18297.61,3287.9,4,2023
REC-00047,2023-10-09,11192.38,11302.33,2094.16,22.28,182,South,Clothing,206.62,1092,24588.87,26574.08,2789.83,10,2023
REC-00048,2022-01-21,3143.12,9956.7,4468.25,9.81,160,North,Electronics,453.0,1477,17568.07,24921.79,2271.43,1,2022
REC-00049,2022-06-16,8677.49,8070.26,114.31,26.7,462,West,Sports,484.98,4481,16862.07,24142.3,5109.85,6,2022
REC-00050,2022-10-01,12690.29,7010.79,294.85,2.53,359,South,Clothing,249.55,3274,19995.93,26345.52,3069.08,10,2022
REC-00051,2023-01-23,1793.46,4313.17,3059.95,24.22,399,South,Sports,194.45,4882,9166.58,17719.89,3534.56,1,2023
REC-00052,2023-08-24,8262.37,2079.59,4546.16,25.84,449,East,Electronics,286.74,1405,14888.12,18794.78,3775.66,8,2023
REC-00053,2022-11-12,3881.64,7338.46,1270.4,24.52,131,East,Sports,359.5,4933,12490.49,18072.17,3400.34,11,2022
REC-00054,2022-01-14,5472.44,3953.72,2401.24,15.38,117,North,Food,173.06,3178,11827.4,18865.53,1955.16,1,2022
REC-00055,2022-08-30,7372.56,10423.98,2307.28,13.15,13,South,Sports,381.41,2786,20103.82,24967.38,4869.94,8,2022
REC-00056,2022-12-12,5649.01,11921.38,2417.56,29.89,102,North,Clothing,73.25,3083,19987.95,24206.02,4543.35,12,2022
REC-00057,2023-07-19,9907.93,9078.65,3150.35,6.88,416,West,Electronics,72.18,2623,22136.93,29338.56,4798.06,7,2023
REC-00058,2022-12-06,7453.94,1267.68,2401.74,16.41,15,East,Clothing,223.83,3682,11123.37,12836.13,1632.86,12,2022
REC-00059,2022-04-02,8970.89,3606.49,2292.59,20.12,297,North,Food,209.06,1585,14869.98,18189.19,2123.61,4,2022
REC-00060,2023-01-02,11183.93,1487.49,2424.01,21.03,115,North,Clothing,192.03,2200,15095.43,16221.17,1574.5,1,2023
REC-00061,2023-03-31,8587.26,7876.04,2995.25,6.12,155,East,Clothing,270.96,4681,19458.55,25373.98,3840.76,3,2023
REC-00062,2023-03-04,9004.76,9229.25,2731.34,19.62,280,South,Clothing,194.33,3815,20965.35,25113.55,4066.8,3,2023
REC-00063,2023-05-24,8684.65,11122.96,4285.27,24.55,433,North,Home,136.52,2101,24092.88,27304.87,3558.03,5,2023
REC-00064,2022-02-04,5992.2,5370.43,342.53,1.5,387,East,Food,189.26,1487,11705.17,23991.26,3515.93,2,2022
REC-00065,2022-07-25,5392.98,10836.23,4183.25,27.35,105,South,Clothing,488.71,3283,20412.47,23888.6,3126.83,7,2022
REC-00066,2022-03-22,13544.89,10559.12,4235.23,0.89,466,West,Clothing,235.0,1130,28339.23,31758.42,5390.7,3,2022
REC-00067,2023-07-16,9309.55,3942.91,1496.05,10.68,238,East,Clothing,250.12,1865,14748.51,19240.8,3967.0,7,2023
REC-00068,2023-01-23,4043.12,10453.03,2367.97,0.47,211,North,Electronics,309.45,4863,16864.12,27848.24,2866.94,1,2023
REC-00069,2022-01-02,7724.59,4632.93,2248.84,2.31,221,West,Home,492.5,1320,14606.36,24179.01,3225.41,1,2022
REC-00070,2023-01-25,5290.05,3703.06,1170.7,27.34,15,South,Electronics,158.72,3906,10163.81,13570.26,1353.25,1,2023
REC-00071,2023-07-20,14038.53,7859.08,2044.3,10.65,121,South,Home,356.58,2514,23941.92,28036.25,4695.85,7,2023
REC-00072,2022-04-16,609.25,4074.9,317.5,12.74,385,East,Clothing,372.19,4445,5001.65,17878.65,3254.66,4,2022
REC-00073,2023-04-22,3767.33,7636.46,1461.33,6.46,388,East,Food,323.3,1718,12865.12,21469.38,4518.61,4,2023
REC-00074,2023-12-04,5797.67,7396.02,4101.74,17.91,456,East,Sports,89.86,1363,17295.43,23242.13,2766.79,12,2023
REC-00075,2023-02-06,7573.24,6848.58,1494.36,17.84,332,South,Sports,354.59,971,15916.18,20781.99,4427.18,2,2023
REC-00076,2023-07-10,12836.85,4688.95,4109.21,11.17,115,West,Clothing,78.84,934,21635.02,22631.23,2010.94,7,2023
REC-00077,2022-06-11,1774.37,6672.3,2704.84,9.99,148,South,Electronics,318.26,2922,11151.5,20192.31,3320.06,6,2022
REC-00078,2022-07-21,12185.04,7238.53,4411.33,26.55,308,North,Food,382.81,1018,23834.9,26275.72,2312.23,7,2022
REC-00079,2022-09-27,1306.98,6639.11,2916.42,11.5,410,South,Home,144.94,1824,10862.5,22378.05,4590.37,9,2022
REC-00080,2022-09-28,12713.55,5444.15,245.37,14.81,105,North,Clothing,428.73,2513,18403.08,21008.15,3238.9,9,2022
REC-00081,2023-04-01,1248.71,373.07,3409.56,8.5,397,West,Food,63.66,1413,5031.34,10995.63,1910.04,4,2023
REC-00082,2023-04-07,764.52,7127.33,319.78,23.6,456,East,Food,429.72,4598,8211.63,18256.23,3585.9,4,2023
REC-00083,2023-12-28,10605.94,2187.64,2307.93,11.92,461,East,Home,257.15,2205,15101.51,21344.94,2156.77,12,2023
REC-00084,2022-09-09,14960.21,7782.4,4654.19,15.41,346,South,Food,147.91,2668,27396.79,29010.84,2477.61,9,2022
REC-00085,2023-12-03,13500.85,9160.26,909.5,7.6,306,East,Electronics,110.2,1238,23570.61,29665.99,6023.48,12,2023
REC-00086,2022-10-23,8851.98,6105.25,2010.37,29.63,476,West,Electronics,478.99,309,16967.61,23927.55,2969.19,10,2022
REC-00087,2023-12-26,13802.24,6599.89,3676.32,8.74,398,East,Electronics,82.7,1164,24078.44,31345.6,3073.66,12,2023
REC-00088,2023-12-21,576.85,11427.45,4423.07,23.12,425,South,Food,139.59,2320,16427.36,24933.46,3629.93,12,2023
REC-00089,2022-12-04,14638.47,10196.57,3387.62,12.82,223,West,Electronics,206.52,333,28222.67,31338.02,5132.0,12,2022
REC-00090,2022-02-22,7615.86,10987.99,1365.05,6.19,463,North,Home,329.11,892,19968.9,29264.6,2468.06,2,2022
REC-00091,2022-08-05,10981.99,9802.44,3405.58,23.99,300,South,Food,295.16,3210,24190.01,26580.97,3149.46,8,2022
REC-00092,2022-07-07,12402.49,1485.24,1553.97,10.01,31,North,Sports,106.54,2266,15441.69,20601.14,1742.69,7,2022
REC-00093,2023-01-15,10917.63,1958.1,3620.3,25.96,202,West,Food,180.38,434,16496.04,17152.07,2381.51,1,2023
REC-00094,2023-05-08,8258.03,6414.16,4774.76,27.46,477,South,Home,157.44,1459,19446.96,23560.04,4837.21,5,2023
REC-00095,2022-02-10,7410.98,3103.62,3634.83,25.79,159,South,Sports,146.09,1314,14149.43,15815.38,3440.97,2,2022
REC-00096,2022-06-06,12659.45,5825.01,4328.11,1.05,377,West,Food,235.01,4519,22812.57,28923.49,4893.47,6,2022
REC-00097,2022-01-15,3473.62,4853.51,110.31,23.62,256,East,Electronics,366.81,383,8437.44,20241.18,2077.34,1,2022
REC-00098,2022-03-06,14535.91,6683.09,3616.1,12.34,276,South,Clothing,147.85,312,24835.11,27514.88,5690.6,3,2022
REC-00099,2023-06-05,10808.81,9013.13,4164.98,26.21,470,South,Clothing,215.01,1758,23986.92,27555.79,4196.05,6,2023
REC-00100,2022-12-10,3392.85,8642.79,298.74,19.14,260,North,Electronics,225.91,4178,12334.38,22816.24,2316.42,12,2022
REC-00101,2022-05-09,11175.58,6350.56,4370.83,25.01,499,East,Clothing,489.41,4947,21896.98,21376.4,4468.56,5,2022
REC-00102,2023-10-10,8182.68,9904.24,1357.8,14.98,12,North,Clothing,479.6,1517,19444.72,25286.14,4704.38,10,2023
REC-00103,2023-04-17,10754.84,5284.17,3359.93,16.05,402,North,Electronics,410.06,2486,19398.94,25894.88,4724.23,4,2023
REC-00104,2022-03-04,11632.8,10781.23,4021.74,4.33,325,East,Electronics,158.75,1894,26435.77,33187.72,5950.07,3,2022
REC-00105,2022-05-19,1765.71,1041.11,3347.06,23.52,85,East,Food,80.62,204,6153.87,9178.28,991.69,5,2022
REC-00106,2023-05-14,7838.51,11464.99,552.2,12.58,96,West,Food,192.61,4965,19855.69,25297.45,2771.11,5,2023
REC-00107,2023-08-16,14014.21,7925.38,3021.98,15.0,279,East,Electronics,170.06,3993,24961.56,28098.6,4955.5,8,2023
REC-00108,2023-01-27,5149.31,4684.88,2792.96,23.55,234,South,Home,277.67,3945,12627.15,19341.11,2142.24,1,2023
REC-00109,2023-11-06,9111.3,2526.42,4511.57,17.97,27,East,Clothing,399.98,3790,16149.3,16161.35,2285.44,11,2023
REC-00110,2023-02-23,5853.84,5854.36,2080.77,6.03,122,West,Food,436.25,3392,13788.98,23263.72,4408.02,2,2023
REC-00111,2022-10-16,7086.89,2495.79,1673.3,17.71,260,West,Clothing,430.19,478,11255.97,17530.26,3326.43,10,2022
REC-00112,2023-01-14,8454.75,2162.71,3774.27,12.23,242,West,Sports,211.85,3393,14391.73,16705.09,2396.46,1,2023
REC-00113,2023-05-05,8459.37,7484.75,2122.11,14.09,338,East,Electronics,359.26,3429,18066.23,25249.51,4820.3,5,2023
REC-00114,2022-08-19,3425.09,6372.4,3265.87,0.85,288,East,Home,190.78,4908,13063.36,20861.06,4118.12,8,2022
REC-00115,2022-02-10,10426.29,8107.13,3267.61,6.3,211,North,Sports,77.41,3538,21801.03,23536.29,4040.44,2,2022
REC-00116,2022-01-28,1774.09,11169.35,4451.39,8.43,92,North,Sports,365.7,324,17394.83,27043.49,3028.32,1,2022
REC-00117,2022-05-15,2512.96,6480.67,3033.59,21.39,134,South,Sports,54.42,837,12027.22,18732.68,2217.23,5,2022
REC-00118,2022-07-20,539.31,7055.0,2560.55,0.34,184,North,Electronics,234.13,335,10154.86,22683.75,2814.55,7,2022
REC-00119,2022-02-02,2192.09,1257.59,780.47,12.26,78,South,Food,198.22,4378,4230.15,11562.67,1114.09,2,2022
REC-00120,2022-02-17,7360.91,8668.1,667.11,27.72,56,West,Electronics,362.02,811,16696.13,20065.38,2372.58,2,2022
REC-00121,2023-05-18,9288.48,4918.88,856.18,3.36,381,North,Food,394.81,1988,15063.53,22538.9,2464.24,5,2023
REC-00122,2023-02-11,12017.2,11725.36,942.06,15.49,265,East,Sports,186.84,4818,24684.61,30760.62,4421.72,2,2023
REC-00123,2023-07-28,2047.14,9913.45,3225.6,23.6,224,North,Sports,415.23,1359,15186.19,20643.37,4276.92,7,2023
REC-00124,2023-12-29,12835.55,6365.28,3730.81,28.28,39,South,Home,182.26,848,22931.63,18288.37,1730.58,12,2023
REC-00125,2022-04-09,11316.63,1654.03,2696.96,22.4,290,North,Food,250.85,4086,15667.62,18078.46,3269.26,4,2022
REC-00126,2023-11-15,6423.52,10341.11,4162.19,21.62,421,West,Sports,377.16,3651,20926.81,26726.24,4709.69,11,2023
REC-00127,2023-12-27,14027.6,9637.42,4957.19,24.79,491,East,Clothing,361.81,609,28622.21,30507.34,2849.56,12,2023
REC-00128,2023-07-01,14868.48,2378.1,4118.06,13.39,246,South,Home,494.32,1923,21364.64,23489.35,4913.04,7,2023
REC-00129,2023-09-05,3472.53,3684.28,3504.92,24.18,257,East,Electronics,151.32,4980,10661.73,18100.69,2888.62,9,2023
REC-00130,2023-04-07,5998.81,9562.21,2709.21,0.24,377,East,Home,348.04,3041,18270.23,27741.48,3631.96,4,2023
REC-00131,2023-10-05,13933.52,2385.7,2299.38,27.74,34,South,Clothing,324.36,4332,18618.59,19329.36,3593.63,10,2023
REC-00132,2022-01-05,10963.15,11029.48,513.52,13.3,83,East,Food,461.79,2234,22506.15,24231.53,2811.61,1,2022
REC-00133,2022-08-06,1197.37,5209.42,2056.91,16.6,215,East,Electronics,120.36,1877,8463.7,18393.54,3257.34,8,2022
REC-00134,2023-05-18,11831.96,1227.06,4559.66,7.65,499,North,Electronics,388.31,1322,17618.68,24967.46,2136.2,5,2023
REC-00135,2023-02-02,12505.14,9825.83,4059.31,22.28,323,East,Food,305.72,3767,26390.29,26258.55,5186.51,2,2023
REC-00136,2023-01-28,11382.28,4607.41,1158.65,2.3,103,East,Home,173.6,1877,17148.34,19627.74,2801.74,1,2023
REC-00137,2022-07-26,12093.29,6412.69,2386.38,26.18,384,East,Sports,263.5,1404,20892.36,22752.1,3848.22,7,2022
REC-00138,2022-01-15,12464.42,1525.19,4101.94,24.84,136,East,Home,200.2,4959,18091.56,16683.29,1851.4,1,2022
REC-00139,2023-07-08,3202.87,230.49,430.18,6.48,434,South,Clothing,310.69,801,3863.55,15490.0,2707.5,7,2023
REC-00140,2023-04-06,3917.53,7728.23,1998.22,24.28,34,West,Sports,450.05,3089,13643.98,17591.69,3309.24,4,2023
REC-00141,2023-11-22,9689.5,6279.07,4274.02,23.59,343,North,Home,306.19,251,20242.59,22660.7,3314.12,11,2023
REC-00142,2023-07-29,13664.06,7203.76,2079.1,18.97,364,East,Food,334.28,1425,22946.91,24985.62,4159.65,7,2023
REC-00143,2022-08-29,5084.85,9566.18,480.31,11.21,125,East,Clothing,283.44,1401,15131.34,24120.85,3470.64,8,2022
REC-00144,2023-07-18,9030.45,7829.95,2758.42,8.14,57,South,Clothing,73.02,3822,19618.81,23543.31,4830.45,7,2023
REC-00145,2022-04-06,10403.24,2262.33,4322.54,6.95,235,West,Clothing,154.79,1811,16988.1,20199.93,3023.96,4,2022
REC-00146,2023-04-30,7053.25,4457.12,2992.4,9.56,275,East,Sports,271.4,906,14502.77,20117.46,3980.3,4,2023
REC-00147,2023-02-11,10849.85,10889.52,1208.77,27.11,108,South,Electronics,189.61,4430,22948.13,28918.23,5557.77,2,2023
REC-00148,2022-08-19,13545.18,9285.35,1982.77,2.33,468,North,Sports,131.79,2822,24813.3,30798.44,4233.88,8,2022
REC-00149,2023-10-17,9549.47,6768.32,2305.6,24.87,20,North,Home,276.86,4756,18623.39,22953.65,2575.67,10,2023
REC-00150,2022-06-20,8326.83,3216.61,2938.41,10.47,94,East,Electronics,195.26,1425,14481.84,19758.21,2703.94,6,2022
REC-00151,2023-06-25,6861.8,3764.31,3820.82,15.65,414,East,Home,166.15,4233,14446.93,20045.63,3922.34,6,2023
REC-00152,2022-02-05,8873.55,8837.11,584.48,23.83,223,West,Electronics,258.79,1259,18295.14,28681.04,3208.51,2,2022
REC-00153,2023-06-09,5652.76,10243.86,4459.29,26.53,182,West,Sports,109.98,2969,20355.91,22426.8,3440.74,6,2023
REC-00154,2022-06-09,6176.49,8122.81,160.32,10.34,400,East,Clothing,467.49,4616,14459.62,23116.53,4458.11,6,2022
REC-00155,2023-11-30,8211.93,9752.45,1913.26,13.86,218,South,Food,440.47,1342,19877.64,23446.62,3036.03,11,2023
REC-00156,2022-08-31,1465.98,9246.54,234.36,12.44,457,West,Clothing,368.43,447,10946.88,24351.95,4137.62,8,2022
REC-00157,2022-03-27,3820.87,1966.51,2025.57,0.4,391,East,Sports,97.8,1931,7812.95,19987.67,2286.36,3,2022
REC-00158,2023-08-01,8371.32,5202.55,2676.48,8.88,73,West,Electronics,399.14,1669,16250.35,24487.29,2333.62,8,2023
REC-00159,2023-11-13,6757.16,2005.21,2607.24,13.78,267,East,Clothing,413.58,4035,11369.61,18453.54,3528.57,11,2023
REC-00160,2023-07-11,5325.83,2975.78,911.58,12.33,341,North,Sports,395.49,2018,9213.19,17573.25,1649.35,7,2023
REC-00161,2023-07-28,11092.96,10457.26,3264.13,21.66,130,East,Home,101.28,3332,24814.35,26239.76,3096.12,7,2023
REC-00162,2023-10-08,10558.91,5780.13,319.41,11.54,307,North,Food,339.76,3858,16658.44,20641.28,4122.38,10,2023
REC-00163,2022-01-28,2917.6,6517.23,3833.34,14.68,475,West,Clothing,425.45,2455,13268.17,24907.35,3200.74,1,2022
REC-00164,2023-09-12,13240.12,2305.66,4738.56,12.89,63,East,Electronics,309.81,1497,20284.34,21937.67,4743.5,9,2023
REC-00165,2023-07-10,7683.64,3884.81,1764.87,22.22,340,West,Home,340.88,2880,13333.32,18432.81,4002.92,7,2023
REC-00166,2022-12-06,11251.18,2916.9,2634.47,25.89,281,North,Sports,256.26,1924,16802.56,21552.2,2533.65,12,2022
REC-00167,2022-11-27,8810.69,2633.0,1956.66,15.96,250,East,Food,287.92,2591,13400.34,16153.06,1384.91,11,2022
REC-00168,2023-10-02,14966.54,7727.94,132.88,23.68,252,West,Electronics,65.47,4160,22827.36,27762.82,4961.46,10,2023
REC-00169,2023-05-21,11409.85,3231.23,1990.79,8.9,27,North,Sports,337.53,504,16631.86,19515.17,2793.36,5,2023
REC-00170,2022-12-14,10751.22,7657.78,3979.43,16.24,492,West,Sports,86.65,1821,22388.43,28474.62,2679.62,12,2022
REC-00171,2023-04-18,11789.29,889.76,3020.35,10.36,196,South,Clothing,245.76,2925,15699.4,18249.78,3267.68,4,2023
REC-00172,2022-08-19,2575.36,1872.94,596.17,12.43,355,North,Clothing,181.69,3945,5044.47,12857.82,1084.74,8,2022
REC-00173,2022-07-09,3465.9,3439.57,4250.98,21.97,153,North,Electronics,295.44,4310,11156.46,17378.29,3507.42,7,2022
REC-00174,2022-08-13,10853.93,7245.15,2702.32,26.45,271,North,Sports,110.04,3292,20801.4,25552.45,2540.2,8,2022
REC-00175,2023-01-20,7662.73,8174.93,4224.44,3.64,450,East,Clothing,361.24,164,20062.1,27104.27,2651.44,1,2023
REC-00176,2023-01-12,11442.21,5424.06,2943.09,19.04,373,East,Food,407.76,1399,19809.36,24251.73,2536.59,1,2023
REC-00177,2022-10-10,1992.28,5460.33,2842.47,17.46,440,East,Food,123.51,1515,10295.09,17052.98,3656.79,10,2022
REC-00178,2023-09-25,8278.98,8749.3,615.77,3.55,248,South,Sports,96.94,3693,17644.05,25511.5,4516.65,9,2023
REC-00179,2023-09-20,5992.91,386.69,920.06,6.36,313,South,Clothing,115.48,1068,7299.66,14347.9,2757.55,9,2023
REC-00180,2022-09-16,7126.5,4224.86,4862.92,9.33,307,North,Electronics,444.71,468,16214.29,24225.81,3286.69,9,2022
REC-00181,2022-12-25,9257.39,9860.74,1219.59,5.01,85,South,Electronics,287.69,332,20337.72,27491.52,3493.73,12,2022
REC-00182,2023-12-11,7783.18,7317.99,4889.52,7.31,197,West,Electronics,260.27,2342,19990.69,26975.55,3043.59,12,2023
REC-00183,2023-04-01,8327.98,4179.28,2706.37,8.03,342,North,Food,98.02,3183,15213.63,23329.03,3436.15,4,2023
REC-00184,2023-02-15,7552.18,10885.19,765.37,10.07,397,North,Clothing,342.3,1020,19202.74,29400.29,4623.37,2,2023
REC-00185,2023-10-11,6429.85,9316.95,586.58,22.48,496,West,Clothing,440.6,788,16333.38,25370.24,4273.58,10,2023
REC-00186,2022-11-14,11692.29,3325.77,1123.43,17.16,255,North,Food,422.68,4372,16141.49,18766.1,2176.8,11,2022
REC-00187,2023-11-08,676.94,7814.42,4635.62,29.59,139,South,Electronics,331.72,1569,13126.99,19147.98,4074.91,11,2023
REC-00188,2022-08-13,9177.42,7229.86,2129.34,12.44,483,East,Electronics,83.88,4825,18536.61,26117.01,2710.06,8,2022
REC-00189,2022-08-22,8699.87,4934.02,2037.63,22.62,324,West,Sports,100.58,4359,15671.52,20087.51,4322.66,8,2022
REC-00190,2023-11-15,10884.6,4530.08,1634.71,26.14,420,South,Home,72.19,3722,17049.39,21002.68,1723.9,11,2023
REC-00191,2023-10-26,9185.93,4254.01,820.6,20.37,292,West,Clothing,165.87,2200,14260.54,18140.67,2673.17,10,2023
REC-00192,2023-01-09,12488.58,7482.44,2490.47,12.36,88,West,Clothing,111.05,2365,22461.49,21956.35,2781.24,1,2023
REC-00193,2023-11-03,14406.58,5420.44,737.23,22.61,81,North,Clothing,167.02,3889,20564.26,21076.98,3011.42,11,2023
REC-00194,2023-08-31,5466.6,10015.98,4193.85,6.11,272,North,Home,223.28,923,19676.44,27524.93,4401.04,8,2023
REC-00195,2023-04-17,8067.08,8101.31,1914.95,9.83,200,South,Sports,474.34,3531,13812.85,19668.34,2772.89,4,2023
REC-00196,2022-08-21,6642.15,1025.19,1936.54,16.4,376,West,Home,324.67,4251,9603.88,16522.14,2281.35,8,2022
REC-00197,2023-11-23,4674.98,7753.99,2422.63,17.26,384,North,Electronics,425.74,4313,14851.6,27299.47,4984.37,11,2023
REC-00198,2022-04-23,9416.78,3399.54,2276.23,0.66,439,North,Electronics,369.66,897,15092.54,26182.28,4608.67,4,2022
REC-00199,2023-05-12,13721.86,7195.18,4974.8,28.35,72,West,Clothing,100.63,879,25891.85,26541.81,5219.66,5,2023
REC-00200,2023-03-18,2517.18,8225.56,2772.37,20.9,497,South,Food,381.16,2950,13515.11,22757.73,2617.01,3,2023
REC-00201,2023-07-18,1961.52,2923.78,532.19,14.87,389,South,Clothing,173.79,2992,5417.49,17060.0,2820.6,7,2023
REC-00202,2022-09-25,4212.23,5590.93,3073.7,27.99,21,West,Food,337.6,1993,12876.86,14765.34,2390.91,9,2022
REC-00203,2023-05-25,11028.39,2445.83,842.76,13.17,150,South,Home,203.43,3406,14316.98,17503.74,2306.35,5,2023
REC-00204,2023-01-21,9097.96,817.6,251.59,29.41,263,North,Electronics,498.95,3002,10167.16,11957.02,1770.21,1,2023
REC-00205,2023-01-22,1982.08,4666.02,4856.64,15.37,52,West,Food,168.6,4903,11504.74,17773.59,2202.67,1,2023
REC-00206,2022-04-23,13821.88,4482.74,3890.34,3.43,26,North,Home,175.61,3818,22194.97,26301.73,2626.44,4,2022
REC-00207,2023-09-05,11956.23,11946.67,4902.53,22.94,72,East,Electronics,468.8,121,28805.43,29226.1,3212.89,9,2023
REC-00208,2023-09-17,833.83,5466.96,2441.6,20.37,262,East,Food,61.09,1600,8742.39,15697.86,1487.72,9,2023
REC-00209,2022-03-22,9944.82,4136.12,2708.06,23.19,474,South,Clothing,363.51,942,16789.01,20345.66,3573.3,3,2022
REC-00210,2023-11-30,11683.08,7049.61,924.85,28.54,385,East,Clothing,376.4,1860,19657.53,24032.74,4145.69,11,2023
REC-00211,2022-04-23,5929.31,1247.46,1309.85,23.29,301,North,Clothing,426.37,3741,8486.61,16391.81,3492.85,4,2022
REC-00212,2022-01-02,1499.36,11547.66,4208.89,18.34,478,East,Home,488.5,291,17255.91,23609.21,4300.54,1,2022
REC-00213,2023-10-04,1621.16,7692.53,1845.31,25.72,17,North,Clothing,489.02,495,11158.99,17663.12,1541.75,10,2023
REC-00214,2022-08-08,2011.58,9107.09,4151.39,20.2,334,South,Sports,79.37,4762,15270.06,22010.46,4485.61,8,2022
REC-00215,2023-07-20,12686.37,2211.64,3574.17,12.24,99,South,Electronics,419.83,4426,18472.18,21154.13,4247.21,7,2023
REC-00216,2022-08-13,13704.95,5031.84,968.14,26.57,217,North,Home,340.84,973,19704.93,22947.85,3260.08,8,2022
REC-00217,2023-01-20,2280.76,5187.73,2586.49,6.66,301,East,Clothing,341.3,2721,10054.98,18493.05,2996.26,1,2023
REC-00218,2023-02-07,3920.64,9897.32,3419.2,21.44,293,South,Electronics,107.76,4435,17237.15,24856.03,5385.08,2,2023
REC-00219,2023-09-30,2900.05,214.59,1251.68,26.45,127,West,Food,342.58,189,4366.32,9290.73,1435.63,9,2023
REC-00220,2022-05-10,3201.65,3750.07,4170.37,21.94,358,South,Clothing,492.12,2379,11122.09,18532.35,3831.47,5,2022
REC-00221,2022-02-22,12643.62,11778.59,2769.66,20.92,184,East,Electronics,460.32,556,27191.86,31269.77,2865.11,2,2022
REC-00222,2023-11-15,5316.12,5803.66,909.69,22.58,85,West,Sports,247.61,2380,12029.47,17727.66,1892.38,11,2023
REC-00223,2023-11-03,5015.94,4713.81,2956.62,13.95,110,East,Food,67.98,4549,12686.38,15378.15,2179.17,11,2023
REC-00224,2023-12-11,3797.24,1613.98,4998.6,26.23,423,North,Sports,213.03,1104,10409.82,15382.49,2489.9,12,2023
REC-00225,2023-02-20,9314.47,11695.14,837.56,6.1,160,West,Electronics,421.88,4634,21847.17,31376.39,6095.55,2,2023
REC-00226,2022-09-04,5999.93,436.31,4102.11,3.82,409,East,Sports,365.67,444,10538.35,17485.6,3818.1,9,2022
REC-00227,2023-03-15,11291.62,8898.73,1115.81,8.57,279,West,Electronics,256.7,2811,21306.16,29782.99,4004.0,3,2023
REC-00228,2022-07-22,3480.91,9269.48,3933.7,15.95,467,East,Electronics,74.8,4852,16684.09,28759.81,2491.7,7,2022
REC-00229,2022-07-03,11922.95,3075.15,3699.43,15.32,80,West,Sports,242.1,2562,18697.53,21394.98,4111.34,7,2022
REC-00230,2022-05-03,9253.96,8124.39,1572.4,24.62,189,East,Electronics,261.06,1216,18950.75,24074.43,3962.97,5,2022
REC-00231,2023-02-05,2156.88,1296.56,1696.53,12.14,133,North,Clothing,467.85,725,5149.97,12047.36,1298.66,2,2023
REC-00232,2022-10-21,6510.32,3233.16,3983.35,14.53,390,West,Electronics,338.49,4479,13726.83,17277.36,2579.09,10,2022
REC-00233,2022-10-07,13021.01,9497.24,2361.08,0.4,302,West,Home,190.24,2079,24879.34,30550.2,5618.9,10,2022
REC-00234,2023-09-02,13882.92,10403.3,3681.01,12.29,294,West,Electronics,286.39,4094,27967.23,31955.51,6003.09,9,2023
REC-00235,2022-07-17,7252.65,7380.14,825.12,19.43,204,West,Home,79.72,1778,15457.91,22281.47,3341.03,7,2022
REC-00236,2023-05-26,7472.14,6180.69,4277.53,0.47,408,North,Electronics,487.66,322,17930.36,26882.89,3299.34,5,2023
REC-00238,2023-09-01,9012.49,944.69,4544.02,6.24,440,South,Sports,265.04,562,14501.2,17288.69,2988.71,9,2023
REC-00239,2022-07-20,976.28,1588.26,748.62,1.26,439,North,Clothing,209.88,1668,3313.16,14496.96,1988.3,7,2022
REC-00240,2022-05-04,13734.87,2882.82,3005.77,14.38,445,South,Clothing,357.13,3447,19623.45,23826.93,2841.72,5,2022
REC-00241,2022-07-06,4099.28,4231.76,3035.69,5.45,284,West,Food,348.0,1836,11366.73,21663.69,3950.47,7,2022
REC-00242,2022-11-22,8875.66,4694.73,1831.96,22.29,470,East,Sports,371.9,4139,15402.35,21025.62,2394.94,11,2022
REC-00243,2023-04-09,2899.94,4286.6,2346.49,25.44,115,South,Sports,170.66,4051,9533.03,15090.67,1570.02,4,2023
REC-00244,2022-12-15,991.25,3020.85,286.11,16.37,30,West,Clothing,192.05,764,4298.21,13372.87,2061.79,12,2022
REC-00245,2023-10-22,5016.36,6214.75,3754.71,29.45,73,South,Sports,106.36,1456,14985.82,16342.88,1970.92,10,2023
REC-00246,2023-02-07,11817.19,9938.38,2791.68,13.51,174,West,Clothing,344.98,1114,24547.24,28429.25,4777.44,2,2023
REC-00247,2022-12-12,4525.01,3500.5,382.93,15.4,36,West,Sports,67.91,2232,8408.45,13602.47,1312.79,12,2022
REC-00248,2023-05-26,3691.41,11320.17,3435.7,29.68,320,West,Electronics,318.96,2768,18447.28,27181.01,4666.75,5,2023
REC-00249,2022-05-27,3583.87,10505.37,2387.23,6.95,294,East,Clothing,441.36,1154,16476.48,25408.1,3040.37,5,2022
REC-00250,2022-05-28,7970.02,2108.82,268.86,28.28,157,South,Clothing,450.87,1864,10347.7,14607.82,1169.12,5,2022
REC-00251,2023-12-12,14645.35,9478.06,4851.08,1.29,290,North,Home,252.07,4558,28974.48,31470.57,3076.91,12,2023
REC-00252,2023-05-04,7155.34,6980.13,4750.65,13.39,335,North,Sports,256.69,2969,18886.12,25509.86,5375.09,5,2023
REC-00253,2023-10-02,8580.93,6885.59,2613.22,2.1,328,North,Sports,84.64,1512,18079.74,28807.34,5802.65,10,2023
REC-00254,2023-07-05,12979.16,4814.3,558.99,21.88,173,North,Clothing,351.84,767,18352.46,19876.81,2240.22,7,2023
REC-00255,2022-12-04,8258.51,6113.61,3797.64,18.25,395,West,Electronics,419.57,3470,18169.76,24256.41,4583.78,12,2022
REC-00256,2023-10-03,3174.71,4886.71,2510.46,21.2,415,South,Electronics,160.09,1494,10571.88,20123.66,3324.43,10,2023
REC-00257,2023-04-18,4844.14,6568.84,1581.99,11.23,233,South,Electronics,239.59,198,12994.98,23139.18,4996.37,4,2023
REC-00258,2022-05-31,4994.09,7609.81,2507.95,11.08,281,East,Sports,427.48,4170,15111.85,21473.87,2841.1,5,2022
REC-00259,2023-02-19,6261.11,8156.78,2659.98,1.36,155,South,Home,444.7,521,17077.87,19974.37,3503.59,2,2023
REC-00260,2022-10-25,6688.44,6483.28,2857.29,10.5,462,South,Clothing,159.43,3750,16029.0,25785.28,2292.18,10,2022
REC-00261,2023-09-03,12096.84,8712.78,2262.0,27.88,447,South,Food,297.76,4257,23071.62,27700.34,3752.69,9,2023
REC-00262,2022-09-20,5566.11,1867.08,3068.2,11.38,365,East,Home,136.62,1232,10501.39,14729.38,3165.85,9,2022
REC-00263,2022-05-24,7289.36,2701.39,4601.8,24.94,39,North,Food,95.85,1802,14592.55,14799.03,2300.62,5,2022
REC-00264,2022-12-12,9562.15,9861.07,1875.11,25.27,54,South,Home,460.0,3720,21298.34,26314.56,3165.72,12,2022
REC-00265,2023-09-16,5977.03,4005.83,3656.01,11.2,284,East,Electronics,419.23,3290,13638.87,22873.41,2215.01,9,2023
REC-00267,2022-01-02,9018.08,2014.74,2334.3,2.86,43,West,Food,71.94,491,13367.11,17229.65,2933.86,1,2022
REC-00268,2022-10-31,4763.65,2838.65,2272.93,3.11,150,East,Home,429.68,1175,9875.23,17089.29,2261.79,10,2022
REC-00269,2022-09-11,10853.86,11496.41,3050.37,1.46,436,North,Sports,247.12,2750,25400.64,32899.75,7011.98,9,2022
REC-00270,2023-10-14,8150.89,6961.89,2997.89,17.43,327,South,Food,204.08,2484,18110.67,24707.04,2053.36,10,2023
REC-00271,2023-03-29,8249.61,11206.22,4052.29,12.78,383,East,Clothing,295.91,909,23508.12,27798.81,3405.95,3,2023
REC-00272,2022-02-06,7475.78,6986.93,2434.77,16.44,230,North,Home,91.11,3409,16897.47,21607.85,4514.95,2,2022
REC-00273,2022-06-09,7706.67,5856.38,4981.0,15.63,365,East,Clothing,390.49,3838,18544.06,24283.59,3033.77,6,2022
REC-00274,2022-01-09,11597.67,3901.99,391.41,10.51,31,East,Electronics,312.1,1259,15891.06,20528.62,2367.27,1,2022
REC-00275,2022-08-21,1993.23,7355.18,115.52,20.32,189,East,Clothing,133.97,1631,9463.93,19668.2,3044.46,8,2022
REC-00276,2022-04-09,5348.26,1842.54,3236.97,22.76,445,East,Clothing,134.7,2782,10427.77,15223.4,2973.62,4,2022
REC-00277,2023-10-21,1594.8,10799.49,1562.33,0.44,376,East,Home,132.91,353,13956.62,25776.56,2434.35,10,2023
REC-00278,2022-07-27,11422.07,9986.12,1277.87,6.22,429,North,Electronics,75.65,3648,22686.07,30516.44,6470.18,7,2022
REC-00279,2022-05-11,4448.38,3946.87,1628.31,21.4,338,South,Clothing,314.51,3285,10023.55,17005.47,3253.32,5,2022
REC-00280,2023-02-08,13512.74,11443.01,1354.63,11.6,240,South,Sports,428.16,1331,26310.38,28403.79,2993.05,2,2023
REC-00281,2022-06-01,8135.39,9937.37,250.87,19.87,412,South,Food,57.87,2523,18323.63,24972.98,4487.17,6,2022
REC-00282,2022-02-23,12110.87,8062.42,4860.51,10.41,47,South,Clothing,72.05,3675,25033.8,23703.38,3173.75,2,2022
REC-00283,2022-04-30,14694.51,1636.79,1181.65,11.72,79,North,Electronics,307.75,4361,17512.95,22062.19,3007.55,4,2022
REC-00284,2023-11-04,12676.94,5843.16,3696.75,4.76,125,West,Clothing,418.77,1673,22216.85,25897.29,4911.7,11,2023
REC-00285,2023-09-20,13071.41,6172.07,3836.72,7.75,248,West,Food,197.03,3008,23080.2,23280.38,5000.39,9,2023
REC-00286,2023-08-10,6415.78,2944.11,4653.36,18.16,344,North,Electronics,207.33,4812,14013.24,22469.22,2195.96,8,2023
REC-00287,2023-09-17,8499.98,1143.59,249.69,12.99,450,North,Home,318.36,1725,9893.26,22107.07,3070.41,9,2023
REC-00288,2023-02-24,4181.38,9365.34,4373.04,23.23,157,East,Electronics,173.4,4098,17919.76,23469.72,3457.84,2,2023
REC-00289,2023-02-26,3343.64,1640.01,2683.41,25.58,18,East,Home,61.97,3983,7667.06,10295.23,1366.01,2,2023
REC-00290,2022-04-14,7829.86,7212.63,3199.47,16.25,297,East,Electronics,380.85,3615,18241.96,28822.7,3771.35,4,2022
REC-00291,2022-09-11,9128.21,11250.1,3257.9,22.75,397,South,Food,331.54,3503,23636.21,26303.68,2296.77,9,2022
REC-00292,2022-08-15,5419.43,10538.04,4117.01,9.21,59,East,Food,311.34,4698,20074.48,24510.79,4313.3,8,2022
REC-00293,2022-04-22,8756.93,3477.48,1733.7,12.45,347,West,Electronics,383.76,4780,13968.11,21999.87,3103.52,4,2022
REC-00294,2023-05-25,13368.18,10247.09,3691.95,21.38,14,South,Clothing,353.85,2058,27307.22,28980.21,3108.74,5,2023
REC-00295,2023-04-18,8572.46,203.92,2690.03,11.59,413,East,Food,142.65,4109,11466.42,17433.93,3386.45,4,2023
REC-00296,2022-04-09,10951.79,408.72,3987.63,17.66,352,South,Home,208.62,2835,15348.14,17618.17,3389.01,4,2022
REC-00297,2022-06-02,12177.07,7310.13,4953.68,5.56,135,West,Home,106.75,4591,24440.87,25458.19,3770.23,6,2022
REC-00298,2022-12-04,14836.57,4504.62,1083.19,17.99,84,East,Sports,108.44,3274,20424.38,20894.4,2544.58,12,2022
REC-00299,2023-12-07,9246.36,4760.24,4973.78,25.85,174,West,Home,354.29,501,18980.38,18842.74,3190.7,12,2023
REC-00300,2022-06-12,12199.33,6860.4,540.08,26.06,287,West,Sports,436.37,1074,19599.81,23485.74,2826.3,6,2022
REC-00301,2023-12-21,14458.42,2463.03,111.36,21.73,451,West,Electronics,483.23,323,17032.8,22054.51,2493.07,12,2023
REC-00302,2023-11-12,14193.94,2698.71,316.39,22.37,333,East,Electronics,332.76,4713,17209.05,19424.22,3540.49,11,2023
REC-00303,2022-06-10,2545.69,5918.3,1774.73,16.74,486,North,Electronics,132.85,335,10238.72,23793.59,2037.81,6,2022
REC-00304,2023-08-03,6392.69,9100.19,3201.24,17.54,309,East,Clothing,97.54,3598,18694.12,23567.31,2198.07,8,2023
REC-00305,2023-02-02,5197.86,7510.07,438.24,4.01,299,West,Clothing,415.78,4311,13146.17,20981.94,1698.5,2,2023
REC-00306,2022-10-04,1760.41,3708.79,127.76,13.32,86,East,Sports,310.44,3334,5596.96,13330.33,1351.86,10,2022
REC-00307,2023-05-19,9681.99,5277.98,4691.75,13.52,307,West,Home,328.23,325,19651.72,23708.75,2125.69,5,2023
REC-00309,2022-05-15,12797.86,1080.63,4065.0,12.93,115,South,Electronics,366.47,4377,17943.49,20515.82,2470.79,5,2022
REC-00310,2022-07-14,2280.26,9435.81,4433.68,16.48,104,North,Food,425.51,1441,16149.76,20268.96,2045.09,7,2022
REC-00311,2023-02-05,13208.44,3331.57,3530.17,16.0,144,North,Clothing,75.3,4136,20070.18,23963.77,2725.63,2,2023
REC-00312,2023-10-02,9822.42,2297.64,611.58,19.1,77,South,Clothing,386.38,309,12731.64,16753.39,3535.93,10,2023
REC-00313,2022-02-02,10707.22,8361.09,2055.59,22.45,156,East,Electronics,432.88,3827,21123.9,24560.14,3753.34,2,2022
REC-00314,2023-11-19,13704.05,7493.01,3643.43,6.75,499,South,Clothing,178.76,4028,24840.49,28618.84,3751.2,11,2023
REC-00315,2023-04-05,9559.04,7671.64,1473.64,15.86,487,East,Electronics,338.2,2903,18704.31,26847.19,5430.51,4,2023
REC-00316,2023-04-15,5370.05,2900.96,3468.29,24.78,168,East,Sports,191.37,1209,11739.3,16048.37,2171.32,4,2023
REC-00317,2023-01-10,12464.06,2945.22,220.04,13.89,393,West,Home,481.09,2126,15629.32,21610.53,2742.4,1,2023
REC-00318,2022-01-22,5764.36,2805.47,1600.07,8.35,172,West,Food,65.04,493,10169.9,16364.26,1784.02,1,2022
REC-00319,2023-11-01,996.31,2250.28,2790.74,19.64,450,South,Home,310.91,943,6037.33,15130.64,2010.73,11,2023
REC-00320,2022-02-07,12544.49,7937.54,3197.24,24.71,350,North,Home,124.93,1624,23679.27,25978.45,3230.05,2,2022
REC-00321,2022-08-18,5505.29,10206.59,2927.5,1.89,198,South,Sports,370.5,703,18639.37,25721.66,4496.73,8,2022
REC-00322,2022-12-31,11720.6,8746.95,3519.01,100.0,424,East,Clothing,129.15,681,23986.55,24066.49,2901.01,12,2022
REC-00323,2023-07-17,5759.99,9546.7,129.83,24.65,348,West,Food,155.92,2039,15436.53,24501.47,3940.03,7,2023
REC-00324,2023-03-14,12985.49,4976.62,594.61,13.85,104,South,Clothing,272.47,232,18556.72,21943.13,1957.87,3,2023
REC-00325,2022-10-10,3682.9,7918.09,4357.83,29.5,190,South,Home,461.68,2938,15958.82,18880.66,2016.09,10,2022
REC-00326,2022-01-27,14630.94,4379.99,3440.57,23.6,297,West,Electronics,145.27,3485,22451.49,27661.15,3790.59,1,2022
REC-00327,2022-08-14,11806.5,6400.95,653.37,23.21,331,West,Home,114.91,3870,18860.82,23756.64,5016.76,8,2022
REC-00328,2022-10-04,2156.45,5883.29,4226.16,22.44,196,West,Clothing,391.54,2368,12265.91,16158.39,2146.08,10,2022
REC-00329,2023-09-01,8703.76,2287.27,1286.93,4.52,381,East,Home,275.28,1075,12277.96,21144.41,3657.36,9,2023
REC-00330,2022-10-11,14787.83,4767.53,2443.47,6.52,147,West,Electronics,460.3,1913,21998.83,26423.84,3057.56,10,2022
REC-00331,2023-04-26,7330.45,11573.1,811.46,13.92,139,North,Sports,115.98,3363,19715.01,27179.68,2657.76,4,2023
REC-00332,2023-03-29,3140.55,3133.25,3579.54,7.92,203,South,Clothing,340.67,1643,9853.34,15961.67,1407.74,3,2023
REC-00333,2023-10-21,7529.29,1778.88,3367.59,12.46,325,West,Home,154.8,2935,12675.76,19057.41,2339.45,10,2023
REC-00334,2023-05-31,7930.64,5139.25,1134.45,26.65,481,West,Clothing,120.54,2838,14204.34,20368.98,2079.11,5,2023
REC-00335,2023-07-01,11254.46,9525.99,4330.66,24.73,282,East,Sports,357.54,1457,25111.11,27706.6,2891.5,7,2023
REC-00336,2022-07-11,8067.08,7069.35,2066.4,18.9,361,East,Home,317.16,4234,19769.01,21710.26,4049.1,7,2022
REC-00337,2022-02-18,6336.98,8235.5,1533.32,25.74,153,South,Home,389.67,1416,16105.8,20365.01,1674.36,2,2022
REC-00338,2023-05-27,3661.34,2438.4,846.41,23.51,25,North,Clothing,189.26,261,6946.15,14953.87,2364.11,5,2023
REC-00339,2022-01-17,9853.29,7503.59,1404.22,12.87,311,South,Clothing,251.59,2009,18761.1,23457.79,3122.81,1,2022
REC-00340,2022-06-21,6614.71,4017.3,207.93,6.03,432,West,Electronics,232.46,1227,10839.94,21156.31,3192.85,6,2022
REC-00341,2022-08-08,2418.01,10044.78,2957.96,15.43,254,North,Sports,492.84,3970,15420.75,23023.38,3656.03,8,2022
REC-00342,2022-06-07,13558.3,7625.73,4226.93,22.09,424,North,Electronics,181.51,1758,25410.95,27744.16,3436.71,6,2022
REC-00343,2023-04-22,10522.72,2546.5,2790.0,13.09,116,North,Home,182.67,3225,15859.23,15909.62,1930.08,4,2023
REC-00344,2022-02-15,10406.17,962.48,1174.44,20.0,97,North,Clothing,209.55,2063,12543.09,15222.91,2780.86,2,2022
REC-00345,2023-01-08,12427.47,703.07,264.98,2.83,138,South,Home,304.07,2389,13395.52,18469.44,3730.43,1,2023
REC-00346,2023-06-02,8180.09,4582.62,1151.68,22.44,404,East,Home,163.55,1066,13914.39,20003.45,2139.6,6,2023
REC-00347,2022-04-09,12318.29,3337.04,2138.99,24.38,384,East,Food,461.88,989,17794.33,20223.37,1894.25,4,2022
REC-00348,2022-02-06,7722.32,7823.86,3822.1,21.21,350,West,Food,169.56,3161,19368.28,24011.2,4938.9,2,2022
REC-00349,2022-10-07,1474.04,6092.14,1020.43,29.02,13,East,Home,453.12,3729,8586.61,15625.34,2015.44,10,2022
REC-00350,2022-12-15,6376.1,3339.03,3626.98,24.8,336,East,Clothing,96.56,3289,13342.1,17175.61,2699.74,12,2022
REC-00351,2023-05-12,7713.24,1961.01,4347.97,27.09,419,East,Home,345.45,2848,14022.22,16760.92,2184.55,5,2023
REC-00352,2022-10-29,10942.94,1700.96,2324.34,28.01,376,East,Food,458.14,1766,14968.23,17028.64,1662.21,10,2022
REC-00353,2022-06-30,2045.39,10402.99,4125.02,24.04,315,West,Clothing,125.94,3166,16573.4,24216.18,3935.29,6,2022
REC-00354,2023-08-30,2530.27,3073.04,2817.82,20.23,405,South,Home,485.75,1541,8421.13,18488.94,2838.42,8,2023
REC-00356,2023-12-01,4364.23,9766.09,2678.76,13.97,218,East,Sports,475.57,4323,16809.09,23696.02,3394.73,12,2023
REC-00357,2022-04-26,11116.68,7446.16,2369.55,17.13,234,South,Home,354.57,3023,20932.38,25257.64,4838.67,4,2022
REC-00358,2022-07-10,4135.59,10342.87,1249.8,9.12,468,East,Clothing,185.71,4353,15728.27,24549.79,3993.26,7,2022
REC-00359,2022-09-10,9679.92,4830.25,1585.65,9.54,357,East,Home,134.74,3956,16095.82,22533.66,2108.44,9,2022
REC-00360,2022-06-10,7666.97,11483.42,1520.85,28.83,489,North,Home,186.68,926,20671.25,25934.21,4064.49,6,2022
REC-00361,2022-09-13,8812.77,1771.11,2860.12,26.75,330,North,Food,91.86,4707,13444.0,14372.55,2563.82,9,2022
REC-00362,2022-11-19,12652.55,1405.36,687.77,25.48,56,North,Sports,114.74,4085,14745.69,16786.6,3205.88,11,2022
REC-00363,2022-05-08,6363.53,7972.57,4592.28,12.18,485,East,Food,97.1,2192,18928.38,24819.61,4171.59,5,2022
REC-00364,2022-01-18,11678.21,11325.41,3631.21,0.41,190,East,Food,240.32,3279,26634.83,31026.0,3145.17,1,2022
REC-00365,2023-07-20,6619.52,9744.82,2067.08,2.41,115,East,Home,408.01,4638,18431.43,25287.88,4537.26,7,2023
REC-00366,2023-07-24,5631.13,1101.72,877.26,9.37,208,North,Food,113.62,4001,7610.11,13491.55,2358.7,7,2023
REC-00367,2022-11-19,14400.09,3496.54,4421.76,0.47,395,West,Sports,108.64,2462,22318.39,26149.31,2181.37,11,2022
REC-00368,2023-11-17,3173.38,11177.76,4136.51,0.51,115,South,Food,339.54,2324,18487.65,23797.29,3275.57,11,2023
REC-00369,2023-09-18,1809.89,3186.09,3636.44,27.5,289,West,Sports,138.73,1826,8632.41,16671.57,2110.84,9,2023
REC-00370,2022-10-15,11679.3,9417.81,1430.58,21.18,269,East,Food,93.92,2106,22527.69,23959.78,4162.24,10,2022
REC-00371,2023-10-25,1489.62,9936.56,2071.99,9.27,117,East,Sports,125.08,366,13498.17,21404.78,2360.07,10,2023
REC-00372,2023-10-01,12637.65,6046.33,603.47,3.98,28,West,Food,465.68,937,19287.45,21495.96,3497.87,10,2023
REC-00373,2022-06-04,6839.3,4758.92,1026.29,15.35,419,East,Food,419.66,4684,12624.52,20821.37,4327.7,6,2022
REC-00374,2023-05-05,13774.95,5511.47,3936.78,0.16,468,South,Clothing,209.33,4897,23223.2,27744.32,5318.37,5,2023
REC-00375,2023-01-21,10962.23,2878.18,3603.69,28.15,305,East,Sports,345.12,786,17444.1,18140.23,3791.38,1,2023
REC-00376,2022-04-14,9350.87,10694.81,3008.08,12.44,315,South,Sports,291.77,3461,23053.76,29866.57,6480.77,4,2022
REC-00377,2023-01-28,14264.95,5517.31,4489.06,12.07,180,West,Sports,354.71,456,24271.32,25321.68,2063.56,1,2023
REC-00378,2022-09-03,6251.42,10613.02,2958.01,11.72,340,West,Electronics,357.2,3915,19822.44,29436.73,4921.34,9,2022
REC-00379,2022-06-25,14334.26,1447.18,2388.14,2.08,204,East,Food,332.93,971,18169.59,19322.02,2662.53,6,2022
REC-00380,2022-02-08,2457.52,11861.65,1767.82,19.15,21,South,Sports,169.75,2073,16086.98,20381.0,4083.94,2,2022
REC-00381,2023-04-22,7514.45,5430.62,4708.2,21.99,204,East,Electronics,67.55,4747,17653.27,21708.5,2501.99,4,2023
REC-00382,2023-11-13,4413.71,764.4,505.31,20.28,499,North,Clothing,255.01,1910,5683.42,14524.92,3156.91,11,2023
REC-00383,2023-06-22,8327.72,648.66,4661.35,4.15,292,North,Sports,450.94,4518,13637.73,19802.53,3285.62,6,2023
REC-00384,2023-02-12,2849.2,9005.25,4150.9,17.37,378,North,Sports,306.27,2741,16005.35,23845.96,4556.85,2,2023
REC-00385,2023-06-09,12702.18,7976.62,736.66,17.08,191,North,Electronics,424.58,2328,21415.46,27303.78,2511.51,6,2023
REC-00386,2023-05-21,12772.91,9665.14,2868.42,26.05,459,East,Food,496.23,3491,25306.48,25871.35,2734.19,5,2023
REC-00387,2022-02-05,14350.93,1443.34,4346.09,11.37,314,North,Clothing,123.63,4278,20140.35,24981.61,4650.99,2,2022
REC-00388,2023-11-16,2742.75,619.74,2901.86,11.14,153,South,Sports,361.3,2450,6264.35,12446.16,1034.0,11,2023
REC-00389,2022-01-20,9538.32,6201.24,4545.28,18.56,395,West,Food,353.43,4457,20284.84,25137.97,4885.89,1,2022
REC-00390,2022-11-17,7376.44,4773.62,4720.62,18.99,325,West,Clothing,490.98,4979,16870.69,19727.05,1616.69,11,2022
REC-00391,2023-05-27,5493.56,5650.97,2169.68,14.08,191,North,Home,493.52,2839,13314.22,20597.51,3542.7,5,2023
REC-00392,2023-02-04,5597.33,11900.74,1948.84,13.29,39,North,Home,359.01,2830,19446.91,23914.16,3135.46,2,2023
REC-00393,2023-10-16,6485.51,11654.85,4687.97,14.82,93,North,Clothing,159.63,1418,22828.33,27671.32,4582.63,10,2023
REC-00394,2023-04-16,10721.42,11319.32,3408.19,25.83,175,East,Electronics,409.35,1635,25448.93,28107.18,4987.46,4,2023
REC-00395,2022-05-23,9175.15,9449.34,668.51,13.84,293,West,Clothing,98.16,4884,19293.0,26102.17,3339.68,5,2022
REC-00396,2022-04-02,7165.38,4387.13,307.23,28.2,290,North,Clothing,401.31,2543,11859.74,18857.54,1793.63,4,2022
REC-00397,2022-12-20,1601.03,5063.14,2866.68,15.12,105,South,Electronics,459.59,1872,9530.86,15630.14,1402.81,12,2022
REC-00398,2023-12-28,1627.6,6685.47,4657.84,28.48,390,North,Electronics,222.28,3309,12970.9,20055.58,3258.05,12,2023
REC-00399,2022-02-20,533.92,10000.31,4236.82,24.98,275,West,Food,333.79,977,14771.05,22164.67,3388.8,2,2022
REC-00400,2023-10-27,14531.64,1010.81,3411.65,10.87,453,North,Food,243.56,2970,18954.11,25564.95,4701.6,10,2023
REC-00401,2023-11-29,576.18,5206.7,781.67,25.91,307,West,Electronics,246.99,3300,6564.55,16657.62,2521.35,11,2023
REC-00402,2023-07-29,1994.86,1174.89,1345.73,3.3,305,North,Home,189.67,4244,4515.48,16091.03,2238.95,7,2023
REC-00403,2022-07-09,5061.65,6272.96,4390.01,27.75,234,South,Home,392.96,3847,15724.61,19402.04,2633.48,7,2022
REC-00404,2022-05-05,12207.74,10807.03,995.76,18.95,342,North,Clothing,471.28,2936,24010.52,32325.96,2705.77,5,2022
REC-00405,2022-05-30,14450.43,9433.32,1464.35,1.63,370,South,Sports,473.34,392,25348.11,28580.28,3629.07,5,2022
REC-00406,2022-11-10,11955.2,2888.54,735.04,19.33,383,South,Clothing,128.65,1751,15578.78,20396.63,4418.78,11,2022
REC-00407,2023-07-24,10513.12,11716.69,3412.93,29.23,51,North,Clothing,443.63,4731,25642.75,24327.5,4921.4,7,2023
REC-00408,2022-12-08,8058.86,8074.73,4725.51,2.09,312,South,Sports,381.84,4506,20859.11,23053.37,2907.33,12,2022
REC-00409,2022-11-01,1757.23,323.05,1417.94,16.64,430,East,Electronics,163.78,636,3498.22,14507.42,2354.43,11,2022
REC-00410,2023-11-23,8067.08,3213.88,2429.49,22.43,255,North,Home,80.28,2786,20036.85,22159.19,4401.29,11,2023
REC-00411,2023-11-13,8067.08,3276.42,3208.26,24.31,217,North,Clothing,170.6,333,17981.37,19441.94,2756.45,11,2023
REC-00412,2022-02-23,9764.77,1017.2,4997.38,12.41,246,South,Sports,460.49,2752,15779.35,18157.56,1498.25,2,2022
REC-00413,2023-03-20,11506.02,11525.95,613.56,6.12,31,South,Food,334.93,2474,23645.53,32682.05,2955.49,3,2023
REC-00414,2023-09-05,10999.5,5843.41,2543.0,1.27,194,North,Clothing,374.47,2372,19385.91,24379.83,3692.45,9,2023
REC-00415,2022-09-21,9739.86,10770.61,1987.09,17.39,477,East,Home,165.72,1066,22497.56,29994.25,6470.4,9,2022
REC-00416,2022-02-22,14718.36,4002.14,4342.52,13.59,251,South,Electronics,373.72,989,23063.03,24420.81,4323.69,2,2022
REC-00417,2023-07-26,13598.78,1677.76,2432.24,28.46,372,South,Clothing,62.65,3963,17708.77,19679.51,1769.74,7,2023
REC-00418,2023-09-12,9876.64,5797.17,643.79,1.82,292,West,Clothing,218.89,3500,16317.6,23494.83,2502.45,9,2023
REC-00419,2022-01-05,10551.04,1544.69,3208.68,20.56,50,East,Sports,332.04,134,15304.41,15342.07,2884.08,1,2022
REC-00420,2022-04-13,1248.14,5934.98,3876.83,0.75,345,East,Food,115.74,4642,11059.95,23070.32,4563.34,4,2022
REC-00421,2022-07-15,10213.8,11059.51,114.12,5.14,171,North,Food,420.35,3623,21387.43,30139.6,5017.56,7,2022
REC-00422,2022-12-16,1140.4,6345.06,4308.89,13.61,169,East,Electronics,155.76,1863,11794.35,19839.14,3377.0,12,2022
REC-00423,2022-02-16,9029.82,7474.7,1011.51,13.65,483,North,Home,343.53,3391,17516.03,22612.74,1898.73,2,2022
REC-00424,2023-10-18,14990.63,2048.33,2805.14,20.57,98,West,Electronics,232.34,2588,19844.1,20453.77,4008.82,10,2023
REC-00425,2022-09-26,8559.2,716.08,2137.41,27.31,331,East,Clothing,318.22,2800,11412.68,18969.11,3610.93,9,2022
REC-00426,2023-01-05,7361.55,1507.53,3626.3,19.17,21,South,Clothing,98.35,1658,12495.38,13997.84,1627.46,1,2023
REC-00427,2023-09-28,5036.4,7262.67,1918.69,28.61,433,West,Food,57.61,4790,14217.76,22616.6,4053.23,9,2023
REC-00428,2022-04-16,2247.58,1321.14,4361.84,26.45,82,North,Home,459.3,2376,7930.56,14161.16,1558.86,4,2022
REC-00429,2023-11-01,11099.84,4636.72,3679.43,17.53,85,West,Sports,171.33,4106,19415.99,21197.35,1815.47,11,2023
REC-00430,2023-10-21,3292.69,6691.08,3273.79,25.01,355,North,Home,418.85,4539,13257.57,19192.62,2075.86,10,2023
REC-00431,2023-10-19,2171.59,4786.1,4001.58,19.28,210,West,Clothing,499.71,1203,10959.27,13273.39,1393.81,10,2023
REC-00432,2022-04-30,6615.56,2131.47,3794.71,2.36,19,North,Sports,145.14,1519,12541.74,18306.76,2330.17,4,2022
REC-00433,2023-08-27,12032.46,3430.74,276.1,22.22,361,East,Home,169.33,1578,15739.29,19088.13,2645.29,8,2023
REC-00434,2022-02-27,11303.44,11154.15,2034.2,2.85,235,South,Home,348.29,4014,24491.78,30800.98,4656.97,2,2022
REC-00435,2022-12-12,1295.8,8176.59,4660.96,17.82,185,North,Sports,484.45,3842,14133.34,18904.84,2774.2,12,2022
REC-00436,2023-04-19,7099.58,6053.36,716.05,21.08,285,West,Clothing,462.12,3056,13869.0,19866.73,2342.18,4,2023
REC-00437,2022-04-27,8075.3,350.04,3711.77,2.0,48,North,Home,276.29,1482,12137.11,16620.65,1397.53,4,2022
REC-00438,2022-05-07,9845.93,11910.5,4875.5,6.92,69,North,Sports,407.8,2674,26631.93,30447.27,5015.1,5,2022
REC-00439,2023-01-28,9927.43,8123.17,355.77,27.47,75,North,Clothing,111.09,3484,18406.37,20151.44,2728.59,1,2023
REC-00440,2023-10-03,5788.11,3939.69,3442.75,18.49,330,West,Sports,489.85,1669,13170.55,20738.71,2526.27,10,2023
REC-00441,2022-02-27,8629.82,10575.37,2393.96,7.39,444,South,Sports,483.96,1994,21599.14,28587.22,5756.66,2,2022
REC-00442,2023-09-26,7475.4,3249.49,2937.96,20.72,133,East,Home,123.68,2343,13662.85,14380.05,2653.75,9,2023
REC-00443,2023-05-28,13332.48,6619.4,518.17,17.9,173,South,Clothing,184.74,1966,20470.04,23367.63,4675.56,5,2023
REC-00444,2022-04-06,8188.84,7705.64,310.73,15.05,417,North,Home,95.07,128,16205.21,24970.71,3728.07,4,2022
REC-00445,2023-09-30,6894.97,2808.55,3367.65,29.29,420,West,Electronics,172.27,805,13071.16,19346.92,1902.39,9,2023
REC-00446,2022-04-28,6365.04,11745.09,4134.22,20.5,395,South,Electronics,417.18,1120,22244.34,31610.11,5609.88,4,2022
REC-00447,2023-07-14,8800.2,9028.66,3931.88,11.26,168,North,Clothing,220.24,2163,21760.74,25785.54,2806.76,7,2023
REC-00448,2023-08-24,12157.67,6782.2,2764.65,24.0,66,East,Sports,89.78,1546,21704.51,21983.07,3116.59,8,2023
REC-00449,2023-05-03,8306.82,2331.02,589.35,26.54,87,East,Home,204.0,3764,11227.19,12795.86,1140.11,5,2023
REC-00450,2022-08-25,10094.0,835.53,3471.42,3.76,203,East,Home,491.62,3087,14400.94,19689.81,3850.21,8,2022
REC-00451,2022-09-29,11198.91,3976.71,1285.26,6.02,294,North,Clothing,333.36,3702,16460.87,22890.09,2234.8,9,2022
REC-00452,2022-07-08,8042.44,9087.61,4564.24,6.49,24,West,Clothing,237.27,3785,21694.28,24500.74,5057.78,7,2022
REC-00453,2023-12-05,6688.85,3378.11,4207.5,20.74,21,South,Electronics,124.94,3468,14274.46,14690.04,2952.58,12,2023
REC-00454,2023-03-23,13211.65,6566.76,3575.98,18.09,110,East,Food,493.78,3681,23354.39,25717.11,3730.05,3,2023
REC-00455,2023-08-04,6553.84,8789.78,4749.35,18.57,165,North,Clothing,419.38,2862,20092.96,22185.75,4086.87,8,2023
REC-00456,2022-09-04,7198.17,1473.74,253.97,28.22,349,North,Food,176.66,4137,8925.87,13987.29,2331.99,9,2022
REC-00457,2022-03-17,14859.95,8286.52,3707.38,23.28,134,South,Clothing,81.53,672,26853.85,26901.96,5176.76,3,2022
REC-00458,2022-06-03,503.44,1284.08,1718.19,3.84,368,East,Sports,75.48,4188,3505.71,12379.33,1738.71,6,2022
REC-00459,2023-10-18,3189.36,11588.53,4539.72,10.43,289,North,Sports,104.17,714,19317.61,25011.14,4752.45,10,2023
REC-00460,2023-03-11,6067.48,5963.05,1406.71,13.06,414,South,Electronics,311.35,4150,13437.24,19947.48,2887.28,3,2023
REC-00461,2022-03-27,14022.55,1977.98,3651.8,11.88,403,West,Electronics,467.94,425,19652.33,25246.34,5345.54,3,2022
REC-00462,2023-11-28,1515.43,4240.13,4400.47,20.08,119,West,Food,273.53,3840,10156.03,14262.5,2112.16,11,2023
REC-00463,2022-10-12,637.54,5078.31,304.12,26.76,343,West,Clothing,429.33,458,6019.97,19667.32,2847.17,10,2022
REC-00464,2022-08-08,1263.92,9146.58,2048.47,9.18,366,East,Home,250.65,3877,12458.97,21408.04,4065.6,8,2022
REC-00465,2022-03-10,1783.88,8972.4,3835.31,16.56,155,South,Electronics,368.86,2471,14591.59,21064.2,4107.96,3,2022
REC-00466,2022-02-16,1045.15,7420.9,2329.1,23.68,225,South,Home,379.34,1821,10795.15,17463.04,2752.67,2,2022
REC-00467,2022-04-04,7456.83,1449.98,1409.54,12.49,407,North,Home,128.28,1449,10316.35,18611.89,1957.44,4,2022
REC-00468,2023-03-29,8920.98,1988.52,1177.05,5.04,171,North,Clothing,212.55,3796,12086.54,17563.35,2555.22,3,2023
REC-00469,2022-07-23,4439.46,1306.33,744.44,14.25,137,North,Food,336.79,3996,6490.23,14243.9,3069.99,7,2022
REC-00470,2022-08-06,6275.17,7010.64,4299.93,1.66,323,South,Clothing,81.81,4360,17585.74,23085.34,4280.44,8,2022
REC-00471,2023-04-19,1829.64,10550.23,2919.24,28.27,341,North,Electronics,212.69,1696,15299.12,22396.33,4335.09,4,2023
REC-00472,2023-03-08,5377.37,5318.85,474.29,2.24,159,South,Home,290.66,1727,11170.5,17079.61,1444.86,3,2023
REC-00473,2022-12-07,8076.53,2098.01,1974.64,13.15,463,South,Clothing,498.3,2602,12149.18,15731.22,2288.9,12,2022
REC-00474,2023-07-05,11117.94,6784.9,1901.89,15.9,45,West,Clothing,263.54,3908,19804.74,21619.24,3686.66,7,2023
REC-00475,2023-09-04,548.52,9778.68,990.52,29.56,182,North,Clothing,417.23,292,11317.72,18862.35,3700.88,9,2023
REC-00476,2022-10-16,7276.01,8952.2,2233.99,4.98,429,West,Electronics,244.43,2774,18462.2,27718.29,2408.67,10,2022
REC-00477,2022-09-11,4806.54,10601.12,1727.29,3.43,31,East,Food,408.38,3945,17134.95,25710.53,5125.18,9,2022
REC-00478,2022-12-23,12865.92,3479.24,1774.84,0.26,215,East,Clothing,317.94,2677,18120.0,24355.32,3818.33,12,2022
REC-00479,2022-01-23,10875.52,2488.66,3721.23,4.67,136,East,Electronics,448.97,191,17085.41,20847.23,2243.66,1,2022
REC-00480,2023-06-06,9042.07,10581.83,1193.99,6.22,345,South,Home,234.92,4334,20817.9,26153.99,3253.97,6,2023
REC-00481,2022-04-10,4520.35,7959.21,3245.11,18.92,454,South,Sports,321.94,580,15724.68,22488.97,2686.76,4,2022
REC-00482,2022-06-29,13699.92,3868.96,2896.18,6.59,365,South,Electronics,333.51,3016,20465.06,25033.8,3863.22,6,2022
REC-00483,2022-08-11,1153.96,8959.71,2883.65,0.62,449,North,Sports,237.82,4535,12997.32,24132.06,2105.18,8,2022
REC-00484,2023-10-21,2087.28,9818.4,3348.74,24.8,226,West,Clothing,114.94,1175,15254.41,20605.89,2105.82,10,2023
REC-00485,2023-03-18,6178.64,7456.74,2787.07,10.97,105,South,Clothing,92.1,2613,16422.45,20619.8,3995.64,3,2023
REC-00486,2023-08-31,2304.34,8317.03,4408.35,10.61,426,West,Electronics,57.5,898,15029.73,24713.93,2435.92,8,2023
REC-00487,2022-11-21,14368.03,4628.07,3410.34,9.07,438,West,Sports,443.09,4670,22406.44,25448.67,2867.44,11,2022
REC-00488,2023-05-31,12070.85,6556.61,2780.12,29.26,173,West,Clothing,156.41,4049,21407.57,22709.42,3258.16,5,2023
REC-00489,2022-01-16,4255.25,6385.08,4165.84,5.1,157,North,Home,145.18,704,14806.17,22306.15,3399.39,1,2022
REC-00490,2022-12-02,9034.04,10206.96,3070.12,26.95,27,North,Food,381.22,3079,22311.12,22687.3,4240.38,12,2022
REC-00491,2022-09-15,14743.79,10111.57,1526.61,23.3,303,East,Food,194.01,697,26381.97,30400.24,4335.88,9,2022
REC-00492,2023-05-12,13320.89,10025.63,1114.77,2.29,204,East,Clothing,277.72,1632,24461.28,27931.43,5323.2,5,2023
REC-00493,2022-06-09,9211.58,330.17,846.41,29.6,160,West,Sports,123.13,613,10388.16,10826.87,1803.42,6,2022
REC-00494,2023-04-20,13604.0,9044.64,4507.33,8.14,489,East,Clothing,481.89,1977,27155.96,31815.11,3048.97,4,2023
REC-00495,2023-10-26,14843.18,9152.38,3579.66,2.96,374,West,Sports,433.21,4072,27575.23,30695.24,3127.43,10,2023
REC-00496,2023-11-21,11278.62,8204.87,4693.15,24.88,132,North,Home,438.71,3943,24176.64,25723.61,3631.78,11,2023
REC-00497,2023-11-06,1442.3,9123.92,3056.13,21.2,409,North,Sports,233.05,1799,13622.36,19121.69,2592.22,11,2023
REC-00498,2023-01-15,6322.91,10135.25,2419.66,18.52,196,North,Clothing,393.06,1129,18877.83,26907.96,4953.65,1,2023
REC-00499,2023-06-29,12648.47,5749.76,392.61,4.68,462,South,Home,114.74,4695,18790.85,27361.72,4413.53,6,2023
REC-00500,2023-11-22,3843.25,6124.19,3391.05,14.35,461,West,Electronics,53.88,816,13358.49,20951.97,2814.66,11,2023
REC-00501,2023-03-03,12544.32,1671.63,2952.82,23.42,158,North,Food,58.99,4186,17168.77,15807.48,1642.5,3,2023
REC-00502,2023-09-05,2244.91,4747.44,4952.02,9.11,113,West,Clothing,313.97,765,11944.37,20209.44,2258.55,9,2023
REC-00503,2022-09-25,1180.71,7791.71,1271.88,9.35,252,East,Clothing,254.93,2308,10244.29,18753.27,3011.22,9,2022
REC-00504,2023-07-31,6069.31,9408.72,2700.61,0.09,471,East,Clothing,283.11,1179,18178.64,26438.34,3682.37,7,2023
REC-00505,2023-02-21,1032.61,2763.07,3289.69,5.23,240,North,Home,53.36,327,7085.37,12952.35,1969.92,2,2023
REC-00506,2022-06-17,14380.42,1826.31,3258.5,26.26,488,West,Electronics,240.21,248,19465.23,22485.02,2336.08,6,2022
REC-00507,2022-02-12,12479.98,8023.9,2850.34,13.25,215,North,Sports,373.13,1169,23354.22,26576.03,4592.52,2,2022
REC-00508,2023-07-10,12111.16,222.18,3906.95,29.53,207,East,Electronics,249.21,4827,16240.29,18258.97,3640.02,7,2023
REC-00509,2022-10-12,9631.78,2304.8,1104.41,11.87,405,North,Home,379.5,1463,13040.98,18236.13,2117.43,10,2022
REC-00510,2023-02-01,3636.7,543.04,3655.57,21.46,409,West,Clothing,154.86,4608,7835.31,11993.88,1784.83,2,2023
REC-00511,2022-01-12,8014.78,2169.24,3136.7,8.46,346,East,Food,415.91,1855,13320.72,19421.68,4206.23,1,2022
REC-00512,2023-08-30,9160.47,2339.57,4490.77,10.91,96,South,Clothing,314.79,619,15990.81,19651.93,2488.99,8,2023
REC-00513,2022-10-29,8112.96,4774.55,4251.25,5.72,151,East,Sports,144.84,3644,17138.76,18766.73,3064.73,10,2022
REC-00514,2022-09-10,4273.38,4947.46,1644.22,10.41,326,South,Food,156.52,2422,10865.06,20648.89,1912.65,9,2022
REC-00515,2023-05-14,7971.09,10516.3,1453.56,16.42,208,North,Clothing,332.61,1202,19940.95,26211.03,4320.68,5,2023
REC-00516,2022-02-04,7622.2,6219.29,4910.1,29.75,55,North,Food,423.47,697,18751.6,21059.3,1949.01,2,2022
REC-00517,2023-12-28,14946.87,8736.18,2683.6,19.93,297,West,Electronics,237.03,3373,26366.64,29849.37,6396.51,12,2023
REC-00518,2022-03-31,13512.82,1428.82,4541.46,5.98,24,South,Home,166.24,4149,19483.11,16084.57,2898.32,3,2022
REC-00519,2023-08-28,7219.02,2860.18,903.02,1.35,53,North,Clothing,440.16,2705,10982.22,17466.9,3324.69,8,2023
REC-00520,2023-08-25,9532.59,8494.73,3249.81,3.79,410,South,Sports,351.17,2288,21277.14,29739.9,5310.79,8,2023
REC-00521,2023-02-22,11344.14,823.09,4068.31,16.88,178,North,Electronics,251.64,4925,16235.54,18126.76,2946.72,2,2023
REC-00522,2022-04-25,1005.54,5941.85,4742.24,22.95,319,East,Clothing,269.56,688,11689.63,17264.35,2468.59,4,2022
REC-00523,2023-09-09,13476.36,7272.55,1752.97,28.21,53,North,Electronics,141.92,4572,22501.88,24299.64,4864.11,9,2023
REC-00524,2022-07-15,12971.84,7305.32,3652.41,0.47,107,West,Sports,332.06,1507,23929.57,22698.47,4856.5,7,2022
REC-00525,2023-05-16,7132.77,470.61,2740.18,15.68,270,East,Clothing,211.43,4946,10343.56,17484.84,2620.37,5,2023
REC-00526,2023-09-18,6171.96,4000.87,397.08,14.13,118,West,Sports,498.04,4822,10569.92,15631.33,3289.07,9,2023
REC-00527,2023-05-08,4457.91,7710.59,3481.0,19.68,292,East,Food,266.08,3490,15649.5,21984.65,3554.18,5,2023
REC-00528,2022-03-16,7411.81,1958.2,3481.47,16.79,381,South,Sports,268.65,3540,12851.48,17952.49,2789.35,3,2022
REC-00529,2023-02-17,1143.46,8405.9,4659.97,20.61,352,West,Food,304.63,1729,14209.34,23235.48,3337.26,2,2023
REC-00530,2023-01-11,12856.81,9001.92,2536.83,19.74,113,North,Clothing,462.54,1094,24395.55,27005.23,2951.68,1,2023
REC-00531,2023-02-24,1013.62,11787.24,1228.23,3.51,265,South,Food,410.37,4898,14029.09,24599.71,1980.79,2,2023
REC-00532,2023-12-30,5271.24,2676.14,318.36,23.99,388,North,Clothing,253.01,2159,8265.74,14839.1,1688.85,12,2023
REC-00533,2022-10-04,14008.05,9936.54,2136.65,3.7,215,East,Clothing,373.41,4672,26081.24,31155.59,4715.75,10,2022
REC-00534,2023-11-07,11160.58,6339.5,1579.39,20.96,344,East,Home,313.81,3086,19079.47,20691.69,2756.02,11,2023
REC-00535,2023-01-29,4580.17,4606.86,3829.33,12.48,52,North,Clothing,271.57,500,13016.36,18813.62,2686.36,1,2023
REC-00536,2023-04-02,4163.41,1644.05,1835.91,15.42,362,North,Food,136.54,2955,7643.37,13938.47,3028.7,4,2023
REC-00537,2022-07-11,573.69,8878.97,4750.45,27.1,254,South,Home,258.77,2324,14203.11,22203.6,2865.11,7,2022
REC-00538,2023-11-20,10587.86,2983.12,4815.32,26.7,296,North,Home,160.62,3512,18386.3,20496.48,2937.26,11,2023
REC-00539,2022-04-09,1207.36,4582.78,3142.45,24.54,364,West,Clothing,461.68,156,8932.59,17438.87,1721.08,4,2022
REC-00540,2023-07-02,8222.74,938.0,4650.44,15.3,282,West,Sports,200.93,1975,13811.17,17524.4,1519.61,7,2023
REC-00541,2022-04-06,14450.77,9656.13,3828.19,22.09,485,North,Sports,478.52,4643,27935.08,28610.5,5394.72,4,2022
REC-00542,2023-10-26,2087.3,9245.74,2779.61,15.39,92,West,Home,289.87,4398,14112.66,19889.67,3180.27,10,2023
REC-00543,2023-10-25,8067.08,8856.67,983.51,26.09,119,North,Clothing,334.19,3868,23310.13,26325.04,4909.59,10,2023
REC-00544,2022-07-09,14876.39,3733.43,2347.13,12.08,447,South,Sports,294.32,4933,20956.96,25086.28,2533.23,7,2022
REC-00545,2022-02-06,1392.0,2247.06,2848.28,29.11,199,West,Clothing,108.22,4397,6487.35,13804.91,2209.56,2,2022
REC-00546,2023-01-04,13302.14,7723.13,4333.41,27.97,480,West,Clothing,219.12,1453,25358.68,28116.86,3247.78,1,2023
REC-00547,2023-11-26,7983.15,6054.76,2458.53,22.25,297,North,Home,94.62,2510,16496.44,20467.63,2290.91,11,2023
REC-00548,2023-06-09,13644.45,2303.38,4498.61,8.38,433,West,Home,330.33,4411,20446.43,22876.68,1867.05,6,2023
REC-00549,2022-10-06,8784.12,8293.75,3404.31,3.95,406,East,Electronics,251.09,2702,20482.19,28874.33,2836.84,10,2022
REC-00550,2022-08-05,10100.62,11895.29,771.3,25.64,260,South,Sports,400.09,3034,22767.21,24042.12,2964.33,8,2022
REC-00551,2022-09-30,8384.79,9017.19,4975.41,4.96,221,South,Sports,149.21,122,22377.39,29555.01,2848.01,9,2022
REC-00552,2022-03-03,13035.15,8931.84,2683.44,25.63,300,West,Sports,124.05,2302,24650.43,27720.84,6043.7,3,2022
REC-00553,2023-08-19,11141.69,11413.69,2020.11,14.72,142,West,Food,232.85,1309,24575.49,30099.83,3708.56,8,2023
REC-00554,2023-12-30,8058.27,2594.65,3329.66,12.2,210,East,Clothing,466.96,2396,13982.58,15597.03,1532.34,12,2023
REC-00555,2022-12-08,13088.33,6873.49,633.58,27.1,294,East,Home,369.69,848,20595.4,25548.53,2755.96,12,2022
REC-00556,2023-02-01,4056.64,11759.83,3219.04,18.12,335,West,Sports,238.52,904,19035.51,29947.02,4859.76,2,2023
REC-00557,2023-11-30,2781.44,2150.47,2541.36,17.3,418,West,Electronics,282.77,233,7473.27,15271.66,1358.66,11,2023
REC-00558,2022-01-19,2825.8,8462.97,2092.7,16.76,104,East,Sports,87.9,4516,13381.48,20973.45,4210.23,1,2022
REC-00559,2022-06-26,5343.13,7112.56,4769.8,11.14,287,North,Clothing,493.06,2537,17225.49,23393.42,5020.46,6,2022
REC-00560,2023-09-04,3961.01,7120.45,2660.44,23.57,459,East,Clothing,349.88,533,13741.9,18769.24,2149.92,9,2023
REC-00561,2023-01-31,13986.31,8432.51,1173.68,7.58,438,North,Home,178.43,3771,23592.5,31012.27,4435.17,1,2023
REC-00562,2023-03-21,2034.59,11169.48,2348.92,28.17,334,South,Food,313.61,3836,15553.0,24069.96,2000.19,3,2023
REC-00563,2022-08-21,10635.37,9434.47,4605.0,26.82,228,South,Home,99.27,4139,24674.83,25343.08,4300.71,8,2022
REC-00564,2022-03-17,3243.71,862.41,962.87,10.12,98,East,Sports,484.63,2198,5068.99,13787.64,1902.0,3,2022
REC-00565,2022-09-22,13283.74,10262.19,1148.39,21.88,81,North,Electronics,128.65,3017,24694.32,26018.19,3065.16,9,2022
REC-00566,2023-03-31,14439.07,2861.39,163.84,17.2,256,East,Home,341.61,352,17464.3,18488.62,2014.47,3,2023
REC-00567,2023-12-19,7249.32,4647.59,169.53,10.13,138,East,Food,160.45,4934,12066.43,18352.16,3148.56,12,2023
REC-00568,2023-01-19,13246.54,5648.45,4164.02,29.66,221,North,Home,372.9,1229,23059.0,23503.69,3249.86,1,2023
REC-00569,2023-07-18,574.6,5874.69,3687.4,0.76,437,East,Clothing,399.57,3364,10136.7,19699.07,2071.4,7,2023
REC-00570,2023-05-21,12389.23,5335.13,1839.7,7.58,352,South,Sports,353.04,401,19564.06,26047.48,4596.74,5,2023
REC-00571,2023-01-02,3815.06,11260.77,3521.72,15.6,105,West,Sports,326.52,2077,18597.56,25281.81,4022.59,1,2023
REC-00572,2022-05-24,13676.17,8531.02,2036.51,15.66,84,West,Sports,451.61,2863,24243.7,27498.98,5505.68,5,2022
REC-00573,2022-03-10,516.24,7647.81,4769.19,17.67,432,East,Sports,85.38,4105,12933.25,20916.88,2017.36,3,2022
REC-00574,2022-04-09,8564.64,788.14,4838.56,22.55,63,North,Sports,198.91,3341,14191.33,16072.83,3053.73,4,2022
REC-00575,2023-01-31,11471.22,10866.18,2024.69,18.7,353,North,Sports,161.73,3157,24362.09,28981.61,5051.27,1,2023
REC-00576,2022-01-25,4250.98,10930.8,4285.69,18.01,468,South,Electronics,494.61,650,19467.47,31525.63,3029.66,1,2022
REC-00577,2023-04-14,3300.43,9406.51,3888.14,1.61,422,North,Food,225.23,1687,16595.08,25287.78,4482.89,4,2023
REC-00578,2023-04-29,1719.42,282.94,1619.0,11.3,63,North,Sports,379.68,1922,3621.37,14230.01,2018.05,4,2023
REC-00579,2023-07-19,5233.29,875.91,1237.0,6.96,227,South,Food,358.13,3317,7346.19,14607.68,3101.18,7,2023
REC-00580,2022-05-31,8617.74,2857.64,2345.35,7.96,25,East,Sports,145.44,3596,13820.73,15285.44,1525.88,5,2022
REC-00581,2022-05-24,2179.74,1749.92,3928.61,16.63,108,West,Home,157.55,4509,7858.27,15419.29,2621.23,5,2022
REC-00582,2023-07-23,5962.08,4906.27,4804.82,5.99,29,South,Sports,176.58,4379,15673.17,19660.36,2624.21,7,2023
REC-00583,2022-02-08,631.55,11086.95,3841.54,8.82,55,East,Clothing,235.01,812,15560.04,23846.01,5101.95,2,2022
REC-00584,2022-04-19,12370.85,5770.31,4290.51,7.11,460,South,Electronics,155.45,2275,22431.68,30315.27,3825.68,4,2022
REC-00585,2023-11-24,2362.51,358.15,3055.02,28.46,202,East,Home,58.84,4172,5775.67,11070.92,2376.99,11,2023
REC-00586,2022-02-11,4608.47,3536.4,4193.5,28.34,392,South,Home,445.73,3949,12338.37,16539.27,3410.53,2,2022
REC-00587,2022-07-05,767.2,726.22,3943.66,18.3,67,East,Clothing,484.52,2533,5437.08,11704.87,1379.46,7,2022
REC-00588,2023-02-02,6767.49,628.19,1947.23,27.74,446,South,Sports,203.71,3401,9342.91,14935.52,2875.02,2,2023
REC-00589,2022-08-11,12681.76,3453.49,2804.75,23.57,120,East,Electronics,202.33,370,18940.01,21715.34,4764.01,8,2022
REC-00590,2023-09-26,6186.19,3452.23,4043.29,17.7,138,South,Home,53.19,1894,13681.71,14164.6,1634.21,9,2023
REC-00591,2022-05-13,3102.71,9488.09,325.68,0.19,346,West,Electronics,356.11,2562,12916.48,26872.69,3793.05,5,2022
REC-00592,2022-06-12,11428.63,11703.05,4059.59,23.18,203,West,Home,421.45,4393,27191.27,28465.02,4350.18,6,2022
REC-00593,2022-08-03,11937.7,4580.24,971.65,21.07,422,North,Sports,115.97,3494,17489.6,25371.09,3077.27,8,2022
REC-00594,2022-08-23,3019.43,5260.87,2621.95,18.46,349,East,Home,121.85,1179,10902.24,19477.04,1599.79,8,2022
REC-00595,2023-10-20,11677.38,10168.52,4060.55,22.81,335,South,Home,405.54,2978,25906.45,29131.38,3228.28,10,2023
REC-00596,2023-08-11,14235.82,3364.04,1343.72,15.39,17,East,Food,327.33,4823,18943.58,20119.39,2403.69,8,2023
REC-00597,2022-01-09,2912.48,2045.31,1304.46,21.12,38,West,Sports,70.19,703,6262.24,10379.9,1475.02,1,2022
REC-00598,2022-03-15,11679.27,10266.46,2073.55,28.06,121,East,Clothing,330.15,1685,24019.28,27778.71,2887.72,3,2022
REC-00599,2023-05-07,10774.29,748.71,4483.75,11.27,444,South,Clothing,189.01,3157,16006.75,23004.91,4652.87,5,2023
REC-00600,2022-09-10,7366.82,7512.45,102.17,21.24,170,East,Sports,215.93,4085,14981.44,21151.34,3779.48,9,2022
REC-00601,2022-08-18,1339.85,6831.52,4516.78,14.27,140,South,Clothing,396.38,4789,12688.14,21125.58,1942.03,8,2022
REC-00602,2023-06-03,1583.07,4281.86,853.65,20.23,197,West,Sports,414.92,1495,6718.58,13973.95,2389.73,6,2023
REC-00603,2022-06-23,12860.01,3919.24,4951.42,22.89,172,West,Clothing,230.16,3788,21730.67,20251.08,3473.3,6,2022
REC-00604,2023-10-15,14857.15,9307.92,4778.75,1.36,206,West,Food,476.22,699,28943.82,31128.47,6657.48,10,2023
REC-00605,2022-06-17,10302.76,1219.81,2523.91,19.4,484,North,Clothing,232.91,613,14046.48,20088.33,1615.56,6,2022
REC-00606,2022-06-19,6966.4,2994.05,2612.33,6.8,373,West,Home,397.33,1166,12572.78,19616.04,2250.17,6,2022
REC-00607,2023-01-28,9889.82,8842.9,2459.59,20.1,213,East,Sports,267.74,2986,21192.3,25525.98,5357.67,1,2023
REC-00608,2023-09-26,9118.74,6670.18,3213.67,14.05,221,North,Electronics,453.89,2753,19002.6,25518.89,5371.69,9,2023
REC-00609,2022-07-13,6062.38,1710.26,544.54,23.21,118,West,Electronics,458.49,1188,8317.17,13267.93,2399.93,7,2022
REC-00610,2023-06-01,1451.58,10609.2,259.83,3.7,285,East,Sports,89.34,4485,12320.61,24573.38,4600.3,6,2023
REC-00611,2022-01-29,12411.94,4842.68,382.74,18.79,82,East,Food,471.42,4964,17637.37,21084.01,1956.76,1,2022
REC-00612,2022-06-14,5891.59,9968.85,2277.39,8.35,176,East,Clothing,421.49,2614,18137.82,24965.9,3793.38,6,2022
REC-00613,2023-02-26,12372.39,9495.01,1450.18,25.59,269,South,Food,406.09,4069,23317.59,27867.13,3132.87,2,2023
REC-00614,2022-12-05,4161.38,7568.22,3147.99,27.85,252,North,Electronics,140.41,3384,14877.59,20063.31,2114.08,12,2022
REC-00615,2023-10-10,514.93,6034.88,4962.97,29.89,284,East,Sports,412.3,4666,11512.77,17445.51,3374.7,10,2023
REC-00616,2023-05-11,2804.61,11758.7,1992.98,23.88,111,South,Sports,432.56,2296,16556.29,21041.6,2081.13,5,2023
REC-00617,2022-12-31,8067.08,1910.59,2911.82,22.61,484,West,Food,180.12,4283,12116.23,16119.82,2347.23,12,2022
REC-00618,2022-12-08,14192.4,8756.84,2136.46,6.47,182,East,Food,478.52,889,25085.7,27019.9,5712.03,12,2022
REC-00619,2023-05-15,1981.81,2456.05,4251.63,10.08,180,South,Clothing,72.44,3575,8689.49,13597.0,1441.51,5,2023
REC-00620,2023-10-19,12886.04,4191.5,4520.96,13.97,150,East,Home,117.46,3253,21598.5,21581.86,4681.52,10,2023
REC-00621,2023-05-26,8141.85,3842.65,4399.04,23.2,406,North,Home,291.91,1764,16383.54,20687.19,4534.64,5,2023
REC-00622,2022-11-23,12475.85,11375.02,4874.42,27.45,197,North,Clothing,309.11,1409,28725.3,30618.15,4831.13,11,2022
REC-00623,2022-08-05,4826.43,11614.8,234.84,5.67,450,West,Home,340.32,964,16676.08,27950.38,2901.81,8,2022
REC-00624,2022-10-28,12679.23,2359.58,4215.1,100.0,95,East,Electronics,57.64,3963,19253.92,16905.44,2100.58,10,2022
REC-00625,2022-05-12,11705.93,460.01,3783.68,20.87,485,South,Home,482.17,3463,15949.63,21154.42,2949.54,5,2022
REC-00626,2022-03-11,3835.78,8696.09,1220.6,18.32,61,West,Clothing,70.06,3624,13752.48,18836.18,2322.6,3,2022
REC-00627,2022-09-09,2404.36,5132.28,4785.97,6.0,120,East,Home,114.38,3886,12322.61,18395.49,2194.38,9,2022
REC-00628,2023-02-19,13086.79,1248.31,826.07,1.67,446,West,Sports,56.31,123,15161.17,22697.92,4905.3,2,2023
REC-00629,2023-03-21,14466.93,8268.3,3429.79,17.05,374,South,Food,305.09,3103,26165.02,28797.31,2922.09,3,2023
REC-00630,2022-07-01,953.88,6632.25,1201.96,19.55,351,West,Electronics,469.52,410,8788.09,21544.61,3935.46,7,2022
REC-00631,2022-06-16,11103.42,11770.1,2213.77,6.32,52,West,Sports,349.68,1331,25087.28,30004.5,2402.08,6,2022
REC-00632,2022-04-01,13688.11,2883.43,3623.88,16.69,220,West,Sports,420.2,3888,20195.42,20233.39,3307.46,4,2022
REC-00633,2023-12-15,12931.72,4966.94,2860.29,25.69,465,East,Clothing,55.98,2811,20758.95,26781.65,5576.8,12,2023
REC-00634,2023-06-15,14485.55,6602.04,2194.76,25.05,209,South,Food,293.91,4901,23282.35,24254.72,2918.1,6,2023
REC-00635,2022-02-08,8067.08,9542.06,1699.06,27.82,307,North,Food,256.8,521,22762.48,26124.2,2768.48,2,2022
REC-00636,2022-05-06,6913.33,6676.3,4214.33,10.98,355,East,Electronics,274.54,1873,17803.96,26389.97,4518.89,5,2022
REC-00637,2023-03-27,5023.3,7432.22,804.69,9.54,249,North,Clothing,82.5,3668,13260.22,22441.1,4034.11,3,2023
REC-00638,2022-06-22,5150.77,2868.54,2207.5,22.48,124,North,Electronics,358.0,1046,10226.81,17153.85,3024.64,6,2022
REC-00639,2023-10-15,11004.13,10193.64,4528.41,12.93,35,East,Home,276.45,1286,25726.18,30916.49,3855.42,10,2023
REC-00640,2022-08-08,11314.64,5257.84,4244.66,2.63,416,East,Sports,394.32,1934,20817.14,25492.45,2939.49,8,2022
REC-00641,2023-09-30,3405.21,1863.32,2064.61,8.48,308,South,Electronics,268.38,1664,7333.15,16614.41,3552.64,9,2023
REC-00642,2022-02-27,13087.78,8037.42,3839.23,12.56,86,South,Sports,117.22,2047,24964.43,26339.14,5511.78,2,2022
REC-00643,2023-10-22,10866.4,2749.87,4133.49,8.78,421,West,Clothing,341.72,1408,17749.75,24070.31,3466.71,10,2023
REC-00644,2023-04-21,8659.88,1351.24,4455.55,9.97,146,North,Home,127.57,3086,14466.67,15821.0,3139.95,4,2023
REC-00645,2023-04-01,7337.22,10371.45,2768.08,8.81,29,South,Clothing,442.58,486,20476.74,22138.96,3173.07,4,2023
REC-00646,2022-12-27,8376.88,5629.91,1101.86,1.24,449,West,Home,325.9,1261,15108.65,23747.77,3310.78,12,2022
REC-00647,2022-01-01,2809.06,9041.55,1351.01,19.11,220,South,Home,120.74,3358,13201.63,18779.12,1914.47,1,2022
REC-00648,2023-01-22,3453.67,3628.93,1548.9,17.92,249,East,Sports,483.05,4911,8631.51,15037.96,2100.76,1,2023
REC-00649,2022-12-14,1821.89,9486.25,3009.63,19.6,48,South,Clothing,283.26,4033,14317.76,20775.85,3225.21,12,2022
REC-00650,2022-07-09,2728.04,1520.84,260.77,5.77,444,North,Clothing,82.8,2947,4509.65,14788.18,1229.65,7,2022
REC-00651,2023-05-20,7078.56,4400.49,3216.61,8.87,277,South,Electronics,332.07,4621,14695.65,19870.96,2825.17,5,2023
REC-00653,2023-05-23,759.0,9569.08,1546.68,17.99,488,East,Electronics,411.66,3542,11874.76,25323.93,4436.92,5,2023
REC-00654,2023-01-04,12053.57,6067.62,4409.53,15.19,448,North,Food,418.02,4580,22530.72,23865.93,4031.48,1,2023
REC-00655,2023-02-13,4765.44,4209.37,2354.01,10.51,471,South,Food,490.53,155,11328.82,21112.07,4377.33,2,2023
REC-00656,2022-04-27,13721.62,10491.2,565.76,27.39,276,West,Food,275.84,3424,24778.58,28932.64,2387.65,4,2022
REC-00657,2022-05-14,14528.91,6629.2,4151.06,10.19,163,East,Clothing,254.73,205,25309.18,27547.85,4352.19,5,2022
REC-00658,2022-02-27,3189.15,9149.42,333.44,13.67,51,South,Clothing,389.06,3301,12672.01,22030.59,4190.85,2,2022
REC-00659,2023-07-10,7200.41,9098.47,3661.07,20.34,420,East,Electronics,109.61,769,19959.95,30271.73,4715.94,7,2023
REC-00660,2023-11-16,517.86,411.76,3892.14,16.29,20,East,Home,296.11,4571,4821.76,9370.99,1174.61,11,2023
REC-00661,2023-11-03,9175.75,1689.79,1827.75,10.41,303,South,Electronics,295.81,842,12693.29,19884.72,1970.08,11,2023
REC-00662,2022-06-22,9305.94,7983.63,4141.46,13.07,107,South,Food,90.26,1066,21431.03,23312.79,4761.84,6,2022
REC-00663,2022-05-29,4089.33,2107.11,2626.73,23.83,436,West,Electronics,238.09,407,8823.17,17317.15,2526.69,5,2022
REC-00664,2022-03-21,8596.98,3214.82,2370.14,8.34,284,East,Home,433.98,2238,14181.94,22264.24,4518.22,3,2022
REC-00665,2022-08-01,3770.33,11370.33,322.48,4.27,457,East,Clothing,435.27,3564,15463.14,25120.27,4069.97,8,2022
REC-00666,2022-07-22,2831.97,6810.15,1521.14,9.39,399,South,Electronics,94.66,4997,11163.26,21354.19,3723.89,7,2022
REC-00667,2022-08-17,9947.03,9058.61,4661.95,25.49,439,North,Food,90.82,209,23667.59,29386.47,5659.73,8,2022
REC-00668,2023-11-07,5225.92,6784.17,2019.94,2.67,381,South,Food,168.21,3732,14030.03,24601.52,4238.39,11,2023
REC-00669,2022-08-15,9058.83,6719.66,2778.83,29.75,239,East,Clothing,443.64,4535,18557.32,20443.77,2774.79,8,2022
REC-00670,2023-10-21,6782.08,1310.99,2706.91,16.23,378,South,Electronics,108.01,2015,10799.98,19477.64,2958.82,10,2023
REC-00671,2023-06-16,14773.1,4255.23,2993.11,29.55,435,West,Home,374.0,4363,22021.43,24299.92,4675.95,6,2023
REC-00672,2023-03-17,2668.92,3532.68,400.52,28.17,229,North,Clothing,95.52,656,6602.13,16196.07,2142.92,3,2023
REC-00673,2023-02-06,7236.68,4810.59,1874.66,13.58,74,South,Electronics,330.41,204,13921.94,20001.6,2686.95,2,2023
REC-00674,2022-02-16,10366.62,9620.46,3643.33,5.95,364,West,Sports,210.23,2147,23630.41,31095.19,2904.19,2,2022
REC-00675,2022-08-21,6235.4,4588.81,1082.75,4.95,241,East,Food,405.01,245,11906.95,23253.55,4837.71,8,2022
REC-00676,2022-11-01,14633.15,5530.02,1097.53,7.2,337,South,Home,155.16,2863,21260.7,27044.58,2508.25,11,2022
REC-00677,2023-06-10,10967.37,4889.1,149.44,21.3,452,East,Home,337.64,973,16005.91,22195.88,3789.93,6,2023
REC-00678,2022-05-23,10026.27,1302.21,2243.66,8.19,61,West,Home,156.06,398,13572.14,18321.21,2525.53,5,2022
REC-00679,2023-02-19,11477.36,5404.65,4425.4,10.24,383,East,Food,371.15,3338,21307.41,24193.5,3309.35,2,2023
REC-00680,2023-05-28,14313.41,2508.19,354.31,13.46,440,West,Electronics,443.16,745,17175.91,27441.74,4806.07,5,2023
REC-00681,2023-01-08,13663.37,2403.33,1036.48,27.4,385,West,Clothing,107.06,4833,17103.19,20283.76,1813.23,1,2023
REC-00682,2023-07-20,11002.14,1309.63,1619.41,5.68,272,West,Electronics,439.97,3178,13931.18,20343.34,3318.38,7,2023
REC-00683,2022-09-16,11362.84,4408.72,3685.45,0.15,276,South,Clothing,317.11,2611,19457.01,22825.43,4293.11,9,2022
REC-00684,2023-10-18,2615.87,9138.29,3239.11,1.8,368,East,Home,107.2,883,14993.27,26598.02,5211.88,10,2023
REC-00685,2023-04-16,1990.49,3462.01,2138.13,27.14,326,East,Electronics,242.39,470,7590.63,17102.95,1776.56,4,2023
REC-00686,2022-01-12,8778.12,3885.72,3819.44,19.43,333,North,Home,122.39,586,16483.27,20325.97,4179.8,1,2022
REC-00687,2022-11-26,766.33,7783.56,3087.19,8.19,418,North,Sports,365.16,2137,11637.08,23389.65,4019.76,11,2022
REC-00688,2022-12-24,7494.17,2510.92,4490.6,5.32,405,North,Home,391.49,3296,14495.69,19094.79,3885.02,12,2022
REC-00689,2023-02-12,3550.07,10784.1,4108.33,8.83,163,North,Home,97.61,1460,18442.5,26075.06,3857.53,2,2023
REC-00690,2023-10-30,5517.24,6338.25,1338.79,3.44,367,East,Clothing,277.76,4387,13194.28,22977.0,3581.76,10,2023
REC-00691,2023-01-08,11749.17,5481.71,1430.05,28.25,375,West,Sports,416.58,4925,18660.93,24963.92,5209.11,1,2023
REC-00692,2022-01-08,14147.94,6782.28,714.25,23.53,149,West,Home,471.27,2361,21644.47,22704.49,4676.84,1,2022
REC-00693,2022-05-02,1550.04,2159.2,1751.13,13.87,436,South,Home,281.08,2721,5460.37,13546.4,1933.65,5,2022
REC-00694,2022-12-14,8246.51,7438.98,4997.77,25.95,60,West,Sports,477.63,1056,20683.26,20290.67,2402.78,12,2022
REC-00695,2023-11-07,13296.74,4484.59,2088.18,7.48,126,East,Sports,291.06,480,19869.5,20482.21,2766.0,11,2023
REC-00696,2022-03-31,1696.37,10786.8,1180.39,21.51,430,East,Electronics,227.39,3749,13663.57,26874.97,3608.96,3,2022
REC-00697,2023-10-10,12455.45,2192.48,3836.17,25.68,55,East,Clothing,431.69,4993,18484.1,19585.77,2353.45,10,2023
REC-00698,2023-11-29,5688.12,6183.2,2758.11,10.7,318,South,Sports,271.84,338,14629.43,22235.28,2614.89,11,2023
REC-00699,2022-11-12,5170.37,7257.73,833.05,22.72,97,North,Sports,262.36,1205,13261.15,21099.84,4231.55,11,2022
REC-00700,2022-06-27,14673.26,593.93,1965.38,8.85,217,West,Food,270.64,1486,17232.57,19786.17,1776.42,6,2022
REC-00701,2023-06-24,3412.46,4491.58,2130.9,8.97,386,East,Sports,431.05,2652,10034.94,18832.85,3293.22,6,2023
REC-00702,2022-02-10,10551.31,8845.1,3793.77,3.21,278,East,Clothing,424.37,2349,23190.17,27499.68,2865.32,2,2022
REC-00703,2023-12-05,12410.89,9880.45,201.29,13.2,98,North,Home,231.58,1627,22492.63,26799.15,3436.48,12,2023
REC-00704,2023-05-17,1097.16,3895.31,1418.2,21.89,390,East,Home,199.98,1767,6410.67,13155.98,1165.83,5,2023
REC-00705,2022-05-25,10220.59,9623.4,2636.22,28.21,127,West,Home,271.37,4232,22480.21,25157.33,2963.44,5,2022
REC-00706,2022-07-20,14297.47,11619.52,1417.35,18.11,63,South,Home,307.75,2791,27334.34,29210.98,5479.37,7,2022
REC-00707,2023-12-25,2301.19,10311.11,3179.33,25.89,450,East,Food,157.25,3772,15791.63,24431.4,4981.61,12,2023
REC-00708,2023-04-06,13495.21,1588.2,2461.15,24.67,125,West,Sports,407.28,2096,17544.56,18010.09,1999.37,4,2023
REC-00709,2023-07-12,9124.26,8928.82,1872.38,5.2,127,East,Home,268.92,1525,19925.46,25243.29,3657.67,7,2023
REC-00710,2023-07-01,9440.77,3972.07,4751.12,14.57,269,North,Electronics,200.32,2912,18163.96,21820.86,3182.47,7,2023
REC-00711,2022-09-10,9387.69,11863.31,3197.58,3.51,84,East,Home,98.07,3347,24448.58,29291.33,5925.65,9,2022
REC-00712,2023-01-25,4833.12,5927.24,736.71,20.46,489,East,Sports,157.48,2692,11497.07,21399.63,3997.28,1,2023
REC-00713,2023-08-17,14060.43,1644.72,2844.45,28.5,314,South,Home,477.18,1590,18549.6,17715.34,2689.73,8,2023
REC-00714,2022-09-13,14236.58,8757.19,3925.59,4.11,16,North,Food,187.29,1324,26919.36,28402.67,4939.36,9,2022
REC-00715,2023-12-10,9566.92,4011.53,3571.6,22.02,375,North,Clothing,125.99,2687,17150.05,21632.14,4296.78,12,2023
REC-00716,2023-03-26,11859.63,11965.52,943.24,18.97,131,South,Clothing,257.3,3164,24768.39,27209.85,2213.13,3,2023
REC-00717,2022-01-10,9377.74,11761.43,4864.86,17.51,20,East,Sports,188.19,932,26004.03,26375.27,3597.71,1,2022
REC-00718,2022-08-30,7523.78,7942.38,2299.19,11.7,357,West,Clothing,65.82,4792,17765.35,25176.9,5211.97,8,2022
REC-00719,2022-09-08,10081.89,1731.95,879.22,10.65,447,North,Clothing,195.42,2540,12693.07,18355.31,3370.84,9,2022
REC-00720,2022-01-05,8518.52,8304.96,982.96,1.36,498,North,Electronics,294.85,4895,17806.44,30010.67,4681.6,1,2022
REC-00721,2022-04-29,9163.4,1297.76,581.35,6.54,224,East,Sports,298.27,1746,11042.51,15735.38,2425.61,4,2022
REC-00722,2023-01-09,11865.57,546.5,4037.24,0.46,438,East,Sports,210.45,540,16449.31,22983.89,2957.75,1,2023
REC-00723,2022-03-06,7473.11,9910.91,697.95,17.44,288,North,Clothing,251.29,1629,18081.96,28974.13,4429.36,3,2022
REC-00724,2022-05-26,1090.93,2675.08,713.11,3.18,37,East,Clothing,484.48,3065,4479.13,11715.99,2012.26,5,2022
REC-00725,2022-08-12,2877.99,4672.52,4267.31,26.19,244,West,Clothing,219.81,2467,11817.82,17526.67,2428.68,8,2022
REC-00726,2022-08-27,6859.8,11686.8,1788.56,15.69,376,North,Food,166.2,3386,20335.16,27088.94,4875.51,8,2022
REC-00727,2022-06-26,11009.99,4174.72,251.2,20.99,322,West,Home,159.56,4763,15435.91,22354.15,4483.63,6,2022
REC-00728,2022-10-09,9102.54,3698.58,354.29,12.33,35,West,Food,255.99,4431,13155.41,15601.86,1586.02,10,2022
REC-00729,2022-03-04,9929.27,11034.85,796.64,16.82,418,East,Sports,391.78,1404,21760.76,29325.05,4199.83,3,2022
REC-00730,2022-08-05,7449.54,1506.83,1145.63,28.28,63,West,Electronics,142.69,3134,10102.0,13156.68,1804.08,8,2022
REC-00731,2023-11-20,9428.26,9163.07,3359.22,2.48,38,East,Home,369.18,3788,21950.55,25736.33,4535.9,11,2023
REC-00732,2023-04-06,5270.75,11859.17,870.9,7.62,476,South,Electronics,59.52,4073,18000.83,28596.11,3288.02,4,2023
REC-00733,2023-09-02,7317.65,10835.29,682.48,23.4,362,East,Sports,238.52,1285,18835.43,26903.97,4563.86,9,2023
REC-00734,2022-04-15,11292.05,7889.68,3847.12,2.96,173,West,Sports,399.14,3362,23028.85,25808.84,5235.29,4,2022
REC-00735,2022-04-09,13141.58,3905.92,3388.17,2.27,279,South,Electronics,202.43,2207,20435.66,26497.8,3670.96,4,2022
REC-00736,2023-05-26,6788.0,3201.0,2233.09,10.85,343,East,Electronics,303.68,1940,12222.09,19762.39,4101.53,5,2023
REC-00737,2023-01-20,1133.09,9867.21,2791.62,2.77,44,West,Electronics,142.24,4420,13791.92,23502.69,5148.1,1,2023
REC-00738,2023-02-09,2844.25,10581.9,1628.72,17.55,295,North,Sports,383.9,2847,15054.87,24349.83,2309.65,2,2023
REC-00739,2023-06-02,802.49,6400.13,2464.25,6.79,357,North,Clothing,73.53,4777,9666.87,19242.67,2167.25,6,2023
REC-00740,2023-04-21,9972.31,3083.21,2582.7,26.87,282,East,Electronics,433.64,4364,15638.22,19927.29,4245.57,4,2023
REC-00741,2023-12-10,5318.56,1532.73,1997.46,23.51,460,East,Home,139.19,3233,8848.75,18065.23,3868.95,12,2023
REC-00742,2023-10-07,8365.94,1228.72,4542.2,20.99,217,North,Sports,443.48,3520,14136.86,15692.55,1470.06,10,2023
REC-00744,2022-01-23,1682.13,5157.4,3932.64,25.9,423,West,Food,375.21,4209,10772.17,19997.41,2050.81,1,2022
REC-00745,2023-07-19,6347.29,10883.25,709.48,6.69,102,West,Home,193.65,2311,17940.01,24499.64,5376.25,7,2023
REC-00746,2023-11-08,3698.14,8928.12,4007.98,26.19,182,East,Clothing,457.66,2904,16634.24,18687.93,1965.97,11,2023
REC-00747,2023-12-15,6566.8,2456.87,3117.97,23.68,88,South,Electronics,106.99,1643,12141.64,16720.36,2514.02,12,2023
REC-00748,2023-04-03,3451.89,7442.57,4232.06,22.44,119,South,Sports,130.33,1789,15126.52,18604.1,3698.09,4,2023
REC-00749,2022-03-24,12686.56,5338.96,577.82,16.84,226,South,Electronics,271.86,1671,18603.34,26643.09,2207.55,3,2022
REC-00750,2022-05-25,3025.8,7011.55,2839.01,7.39,444,South,Sports,86.87,4641,12876.36,22688.28,3735.14,5,2022
REC-00751,2022-03-26,14431.32,8909.22,2555.33,12.71,367,South,Food,138.19,3379,25895.86,28139.66,3342.53,3,2022
REC-00752,2022-03-19,6530.66,9713.11,3560.35,23.81,115,East,Electronics,474.69,3641,19804.11,22664.81,4549.44,3,2022
REC-00753,2023-04-02,12770.56,10156.1,2718.02,0.95,56,East,Home,489.42,4911,25644.68,30715.28,3676.14,4,2023
REC-00754,2022-01-01,9617.09,3196.9,2749.6,23.46,190,South,Clothing,219.32,3123,15563.59,17116.19,3014.95,1,2022
REC-00755,2022-02-20,11162.58,567.16,2205.02,7.2,73,East,Home,465.48,918,13934.76,16920.54,2950.79,2,2022
REC-00756,2023-11-16,11632.0,8923.68,1613.29,4.33,255,East,Clothing,295.17,4621,22168.96,29032.49,3222.87,11,2023
REC-00757,2023-12-18,7820.25,1454.86,2463.1,3.47,253,South,Electronics,171.38,1224,11738.2,18644.65,1582.41,12,2023
REC-00758,2023-03-22,8377.86,3916.05,680.61,0.82,431,West,Electronics,366.08,1229,12974.52,23634.7,3244.92,3,2023
REC-00759,2023-03-25,7952.94,245.04,4811.42,15.71,329,East,Clothing,346.51,1802,13009.4,16349.89,1969.95,3,2023
REC-00760,2023-05-03,9026.85,8243.7,3600.61,6.55,96,West,Food,495.11,2101,20871.16,25800.3,4986.09,5,2023
REC-00761,2022-02-03,926.22,2172.16,4767.09,29.68,226,East,Sports,169.27,3978,7865.47,13099.44,2515.76,2,2022
REC-00762,2022-12-14,6234.97,7932.33,1210.96,17.23,499,East,Home,352.43,4472,15378.27,23772.49,3422.84,12,2022
REC-00763,2022-04-05,9289.74,11902.56,4408.77,4.14,16,South,Home,73.41,1906,25601.07,29272.33,4827.35,4,2022
REC-00764,2022-03-13,9166.99,1057.52,4063.07,20.66,287,East,Home,101.14,3047,14287.58,16485.97,2713.53,3,2022
REC-00765,2023-07-05,8067.08,1109.52,3418.05,26.93,346,North,Electronics,51.76,3309,16525.43,17835.32,3492.19,7,2023
REC-00766,2022-06-03,9997.64,4216.49,3162.64,22.36,219,North,Home,499.76,2252,17376.76,20999.51,2929.44,6,2022
REC-00767,2022-09-07,14885.93,10423.36,1651.09,2.29,178,South,Sports,411.02,4741,26960.39,33817.95,4009.54,9,2022
REC-00768,2023-11-05,4615.89,2743.25,4100.41,26.88,339,West,Sports,404.03,4305,11459.56,14952.7,1751.03,11,2023
REC-00769,2023-03-14,5707.69,4452.46,2557.43,23.82,147,West,Clothing,279.38,644,12717.57,15790.34,2448.56,3,2023
REC-00770,2022-04-28,6065.78,1008.36,447.37,4.75,450,West,Electronics,185.03,2501,7521.52,17525.97,2504.12,4,2022
REC-00771,2022-11-02,7254.29,9205.23,1633.03,1.55,400,North,Sports,118.07,4938,18092.55,28887.63,4090.98,11,2022
REC-00772,2022-09-25,12621.97,5018.01,4682.96,16.72,390,West,Food,178.1,2464,22322.94,25387.35,2354.91,9,2022
REC-00773,2022-02-23,3918.99,9159.14,4268.33,4.68,315,West,Electronics,219.19,1389,17346.45,26644.87,4812.18,2,2022
REC-00774,2022-08-24,11752.0,10862.57,4911.34,25.04,239,South,Electronics,390.34,3865,27525.91,28661.84,3150.6,8,2022
REC-00775,2023-01-24,6377.0,2946.61,3177.17,10.75,484,West,Sports,292.85,1975,12500.77,20381.18,2192.48,1,2023
REC-00776,2023-02-05,9226.9,9727.27,1312.8,27.39,317,North,Food,84.87,4528,20266.98,22936.93,3160.39,2,2023
REC-00777,2023-09-16,9671.84,897.31,897.79,16.97,170,North,Clothing,58.11,4787,11466.94,16159.44,1808.06,9,2023
REC-00778,2022-10-30,5906.31,10806.4,1015.88,5.48,10,North,Sports,96.05,882,17728.59,26320.73,4257.12,10,2022
REC-00779,2022-07-26,7932.92,7879.07,197.0,4.19,245,South,Food,234.72,639,16008.99,21979.68,2901.42,7,2022
REC-00780,2022-08-17,6488.95,10515.88,2014.34,17.29,446,South,Electronics,469.94,2882,19019.17,26035.33,3719.09,8,2022
REC-00781,2023-08-01,1502.43,202.22,1038.0,22.86,197,East,Food,336.83,2768,2742.64,11714.45,1818.13,8,2023
REC-00782,2022-03-16,6838.9,2195.16,2117.11,23.45,427,West,Electronics,410.82,4814,11151.17,17802.0,1931.43,3,2022
REC-00783,2023-03-11,1912.2,4799.16,4681.47,8.27,13,South,Sports,259.87,4037,11392.84,18384.5,1871.64,3,2023
REC-00785,2023-02-26,9097.32,2875.42,4402.12,0.5,141,North,Home,98.78,3822,16374.86,20831.97,2931.5,2,2023
REC-00786,2023-12-05,8901.52,4703.02,3066.97,20.38,436,South,Home,444.17,3967,16671.51,22643.1,3117.8,12,2023
REC-00787,2022-11-02,10108.01,1720.41,1310.94,2.3,227,South,Home,402.42,1933,13139.37,17925.05,1523.37,11,2022
REC-00788,2022-04-08,8067.08,5070.58,1843.69,12.62,269,South,Sports,125.65,2246,8795.56,17693.65,2649.03,4,2022
REC-00789,2022-12-01,9955.79,9667.78,511.21,18.05,10,East,Clothing,280.52,2270,20134.77,22930.87,3613.53,12,2022
REC-00790,2023-03-11,5026.15,5853.03,1733.97,28.11,80,North,Sports,269.32,3491,12613.14,15195.27,2404.46,3,2023
REC-00791,2023-03-23,6286.17,412.4,3419.95,9.35,487,East,Food,331.29,1716,10118.52,17487.75,3130.03,3,2023
REC-00792,2022-11-04,12940.8,5173.04,453.34,7.49,187,East,Sports,475.78,4717,18567.18,22568.31,2366.23,11,2022
REC-00793,2022-09-06,630.94,520.67,1106.47,19.62,466,West,Sports,310.9,1016,2258.07,12244.5,1411.93,9,2022
REC-00794,2022-06-15,9031.98,11601.67,1969.06,18.58,198,North,Electronics,293.1,4912,22602.72,27458.1,5313.2,6,2022
REC-00795,2023-04-26,9181.35,1703.96,4912.04,9.96,300,North,Electronics,72.65,2856,15797.35,23734.82,5046.11,4,2023
REC-00796,2022-12-01,6251.57,8550.72,3945.82,27.84,17,South,Electronics,78.31,2036,18748.11,23335.1,2310.89,12,2022
REC-00797,2023-06-26,3936.9,11678.76,3694.09,25.35,262,South,Sports,134.31,4142,19309.75,26405.59,3952.15,6,2023
REC-00798,2022-04-16,3902.77,9947.26,669.34,6.72,417,West,Clothing,64.61,3191,14519.37,25094.28,2759.99,4,2022
REC-00799,2023-07-17,13313.79,8451.92,3926.88,7.17,476,East,Food,384.51,4755,25692.59,27447.42,2426.63,7,2023
REC-00800,2022-03-22,6909.35,10105.64,3947.82,15.37,301,South,Food,375.5,1068,20962.81,29091.18,3652.99,3,2022
REC-00801,2022-05-13,5297.9,11785.22,3045.4,23.21,443,South,Clothing,111.23,3464,20128.52,27110.98,2714.25,5,2022
REC-00802,2022-05-18,7007.27,7531.87,4952.77,1.32,253,North,Clothing,426.24,3303,19491.91,24614.78,4415.66,5,2022
REC-00803,2022-07-03,10206.16,6798.38,1693.74,20.8,132,North,Food,119.65,989,18698.29,22669.61,3507.48,7,2022
REC-00804,2023-02-05,2613.47,7613.21,4712.23,19.45,308,South,Home,185.53,892,14938.91,23142.25,2317.39,2,2023
REC-00805,2022-11-26,7016.79,6485.58,4582.18,6.94,292,North,Electronics,162.04,3558,18084.55,25565.23,2078.3,11,2022
REC-00806,2023-05-23,9024.32,7694.05,156.26,20.44,41,West,Electronics,217.54,1081,16874.63,24474.52,4727.06,5,2023
REC-00807,2022-03-10,14254.46,5508.14,2305.57,28.21,343,South,Food,164.6,3631,22068.17,24989.69,2615.6,3,2022
REC-00808,2023-06-30,4161.65,2777.63,4887.81,1.4,386,North,Clothing,270.03,3629,11827.09,18360.03,3027.02,6,2023
REC-00809,2022-02-22,5709.14,1618.92,605.29,9.59,155,West,Home,233.33,901,7933.35,14211.25,1807.23,2,2022
REC-00810,2023-03-26,6000.7,1006.42,2784.15,13.15,165,North,Food,493.96,142,9791.27,16360.77,2649.92,3,2023
REC-00811,2022-07-24,9280.3,3307.13,4896.89,26.98,422,North,Electronics,75.17,3449,17484.32,18025.66,2238.63,7,2022
REC-00812,2022-05-06,5672.61,744.26,2821.93,28.87,25,North,Sports,113.98,1877,9238.8,11537.97,1063.47,5,2022
REC-00813,2022-02-12,8235.92,6892.62,1030.09,13.32,364,South,Clothing,73.77,3301,16158.63,21139.11,2350.94,2,2022
REC-00814,2022-04-21,11835.96,3549.18,2952.7,22.5,56,East,Sports,331.63,449,18337.83,17880.38,1901.19,4,2022
REC-00815,2023-10-25,10728.09,9929.51,1101.76,15.95,260,North,Food,74.53,1667,21759.36,26726.32,3739.62,10,2023
REC-00816,2022-07-02,6972.35,1076.04,2646.55,16.13,196,West,Electronics,426.4,1229,10694.94,16239.34,2795.76,7,2022
REC-00817,2022-04-05,13031.13,2870.95,462.81,8.34,40,South,Home,280.37,3059,16364.89,18777.6,2195.72,4,2022
REC-00818,2023-01-09,8593.03,8816.9,3066.87,6.51,269,South,Sports,287.15,3887,20476.8,24823.41,2027.82,1,2023
REC-00819,2023-06-04,8067.08,7265.94,2632.27,8.64,430,West,Home,302.72,1880,18226.84,29335.62,4478.12,6,2023
REC-00820,2022-12-26,995.72,961.0,3726.79,16.69,26,North,Electronics,126.87,683,5683.51,15415.53,2540.58,12,2022
