label,text,target
ham,i just sent over the revised budget spreadsheet. please check if the numbers look right. :),0
ham,did you finish the python assignment? let's compare our answers tonight.,0
ham,"running a bit late, start eating without me. be there around 7:30! :)",0
ham,let me know when you're free for a quick phone call to discuss the travel plans. :),0
ham,where did you leave the spare car keys? i can't find them on the counter. :),0
spam,special promotion! buy 1 get 2 free on all health supplements. order at http://vitamins-direct.com.,1
ham,"sorry i missed your call earlier, i was in an important team meeting. what's up? thanks!",0
ham,"running a bit late, start eating without me. be there around 7:30!",0
ham,thanks for the lecture notes! they were super helpful for the exam prep. :),0
ham,"just reached the airport, flight is on time. see you soon! :)",0
ham,"i'm feeling much better today, thanks for checking in on me!",0
ham,"just reached the airport, flight is on time. see you soon! :)",0
spam,special promotion! buy 1 get 2 free on all health supplements. order at http://vitamins-direct.com. ref: #7943,1
ham,"the weather is supposed to be really nice this sunday, want to go for a hike?",0
spam,private! your 2004 account for 07781482378 has 800 points. call 0871-872-9758 to claim your reward.,1
spam,loan approved! up to £5000 deposited within 1 hour. no credit checks required! call 08000930705. ref: #4687,1
ham,sounds good! let's book the tickets for the 7pm movie screening. :),0
ham,"i'm feeling much better today, thanks for checking in on me!",0
spam,congratulations! you won a free cruise to the bahamas! call now at 1-800-555-0199. t&cs apply. ref: #2202,1
ham,thanks for the lecture notes! they were super helpful for the exam prep. :),0
spam,your parcel delivery has failed because no one was home. reschedule fee required: http://dpd-redelivery.org ref: #3635,1
ham,"hey, are we still meeting for lunch at 1pm tomorrow?",0
ham,"the weather is supposed to be really nice this sunday, want to go for a hike? :)",0
spam,winner! as a valued customer you are selected to receive a £1000 cash reward. text claim to 87077. ref: #1950,1
ham,"running a bit late, start eating without me. be there around 7:30! thanks!",0
ham,"great job on the presentation today, the client was really impressed with our slides! :)",0
ham,let me know when you're free for a quick phone call to discuss the travel plans. :),0
spam,win a £500 shopping spree at tesco! to enter simply answer our quick 2-question survey: http://tesco-win.me,1
ham,"hey, are we still meeting for lunch at 1pm tomorrow?",0
ham,"the weather is supposed to be really nice this sunday, want to go for a hike?",0
spam,final notice! you have unpaid toll fees of £4.50. pay immediately at http://highway-toll-uk.com to avoid legal action.,1
ham,could you review my pull request on github when you have a moment? thanks!,0
ham,"running a bit late, start eating without me. be there around 7:30!",0
ham,"running a bit late, start eating without me. be there around 7:30! :)",0
spam,special promotion! buy 1 get 2 free on all health supplements. order at http://vitamins-direct.com. ref: #7028,1
spam,win a £500 shopping spree at tesco! to enter simply answer our quick 2-question survey: http://tesco-win.me ref: #3551,1
ham,don't forget we have the project standup meeting at 10am tomorrow morning.,0
ham,can you send me the link to that recipe you made last week? it was delicious. :),0
ham,"hey, are we still meeting for lunch at 1pm tomorrow? :)",0
spam,"dear customer, your bank account has been suspended due to suspicious activity. verify at http://secure-bank-login.xyz",1
ham,could you review my pull request on github when you have a moment? :),0
ham,don't forget we have the project standup meeting at 10am tomorrow morning. :),0
ham,"great job on the presentation today, the client was really impressed with our slides! :)",0
ham,i just sent over the revised budget spreadsheet. please check if the numbers look right. :),0
spam,double your money in 24 hours! guaranteed crypto returns. click http://bit.ly/fast-crypto now!,1
spam,loan approved! up to £5000 deposited within 1 hour. no credit checks required! call 08000930705. ref: #4368,1
ham,happy birthday! wishing you a fantastic year ahead filled with joy and success!,0
spam,congratulations! you won a free cruise to the bahamas! call now at 1-800-555-0199. t&cs apply. ref: #5662,1
ham,sounds good! let's book the tickets for the 7pm movie screening.,0
ham,"i'll be there in about 15 minutes, traffic is a bit slow today.",0
ham,did you finish the python assignment? let's compare our answers tonight. :),0
ham,"great job on the presentation today, the client was really impressed with our slides! :)",0
ham,i just sent over the revised budget spreadsheet. please check if the numbers look right.,0
ham,let me know when you're free for a quick phone call to discuss the travel plans. :),0
ham,i just sent over the revised budget spreadsheet. please check if the numbers look right. :),0
ham,thanks for the lecture notes! they were super helpful for the exam prep. :),0
ham,"just reached the airport, flight is on time. see you soon! :)",0
ham,"running a bit late, start eating without me. be there around 7:30!",0
ham,let's catch up this weekend. are you free on saturday afternoon? :),0
ham,don't forget we have the project standup meeting at 10am tomorrow morning.,0
ham,can you send me the link to that recipe you made last week? it was delicious. :),0
ham,let's catch up this weekend. are you free on saturday afternoon? :),0
spam,claim your complimentary 2-week gym pass at fitnessfirst today! text fit to 88088. ref: #9195,1
ham,"i'm feeling much better today, thanks for checking in on me! thanks!",0
ham,don't forget we have the project standup meeting at 10am tomorrow morning. :),0
spam,double your money in 24 hours! guaranteed crypto returns. click http://bit.ly/fast-crypto now! ref: #4391,1
ham,"i'm feeling much better today, thanks for checking in on me! thanks!",0
ham,"sorry i missed your call earlier, i was in an important team meeting. what's up? :)",0
ham,could you review my pull request on github when you have a moment? thanks!,0
ham,happy birthday! wishing you a fantastic year ahead filled with joy and success! :),0
ham,did you finish the python assignment? let's compare our answers tonight.,0
ham,"i'll be there in about 15 minutes, traffic is a bit slow today. thanks!",0
ham,"sorry i missed your call earlier, i was in an important team meeting. what's up? :)",0
ham,don't forget we have the project standup meeting at 10am tomorrow morning. :),0
ham,"hey, are we still meeting for lunch at 1pm tomorrow? :)",0
ham,sounds good! let's book the tickets for the 7pm movie screening.,0
spam,double your money in 24 hours! guaranteed crypto returns. click http://bit.ly/fast-crypto now!,1
ham,did you finish the python assignment? let's compare our answers tonight. :),0
spam,urgent: call 09066362206 from landline. 150p/min. you have an unclaimed parcel waiting delivery.,1
ham,"hey, are we still meeting for lunch at 1pm tomorrow?",0
ham,can you please pick up some milk and eggs on your way home from work? :),0
ham,"i'm feeling much better today, thanks for checking in on me! thanks!",0
ham,thanks for the lecture notes! they were super helpful for the exam prep.,0
spam,urgent: call 09066362206 from landline. 150p/min. you have an unclaimed parcel waiting delivery.,1
ham,sounds good! let's book the tickets for the 7pm movie screening.,0
spam,hot singles in your area want to chat with you right now! reply chat to 69696 to connect.,1
ham,happy birthday! wishing you a fantastic year ahead filled with joy and success!,0
ham,can you send me the link to that recipe you made last week? it was delicious. :),0
ham,could you review my pull request on github when you have a moment?,0
spam,congratulations! you won a free cruise to the bahamas! call now at 1-800-555-0199. t&cs apply.,1
ham,could you review my pull request on github when you have a moment? thanks!,0
ham,i just sent over the revised budget spreadsheet. please check if the numbers look right. :),0
spam,exclusive offer! 50% discount on luxury watches. visit our website http://swiss-replica.co today only! ref: #7024,1
ham,"hey, are we still meeting for lunch at 1pm tomorrow?",0
ham,could you review my pull request on github when you have a moment?,0
ham,let's catch up this weekend. are you free on saturday afternoon? :),0
ham,i just sent over the revised budget spreadsheet. please check if the numbers look right.,0
ham,could you review my pull request on github when you have a moment? thanks!,0
ham,let me know when you're free for a quick phone call to discuss the travel plans. :),0
ham,"i'm feeling much better today, thanks for checking in on me!",0
ham,sounds good! let's book the tickets for the 7pm movie screening. :),0
ham,"running a bit late, start eating without me. be there around 7:30! :)",0
ham,i just sent over the revised budget spreadsheet. please check if the numbers look right. :),0
ham,"great job on the presentation today, the client was really impressed with our slides! thanks!",0
ham,can you send me the link to that recipe you made last week? it was delicious.,0
ham,thanks for the lecture notes! they were super helpful for the exam prep. :),0
ham,"i'm feeling much better today, thanks for checking in on me! thanks!",0
spam,hot singles in your area want to chat with you right now! reply chat to 69696 to connect. ref: #1984,1
ham,"i'll be there in about 15 minutes, traffic is a bit slow today. :)",0
ham,"hey, are we still meeting for lunch at 1pm tomorrow?",0
ham,happy birthday! wishing you a fantastic year ahead filled with joy and success! thanks!,0
ham,let's catch up this weekend. are you free on saturday afternoon?,0
ham,let's catch up this weekend. are you free on saturday afternoon? :),0
ham,can you please pick up some milk and eggs on your way home from work? :),0
ham,"hey, are we still meeting for lunch at 1pm tomorrow? :)",0
ham,did you finish the python assignment? let's compare our answers tonight. :),0
ham,let me know when you're free for a quick phone call to discuss the travel plans.,0
ham,"i'm feeling much better today, thanks for checking in on me!",0
ham,i just sent over the revised budget spreadsheet. please check if the numbers look right. :),0
ham,"i'm feeling much better today, thanks for checking in on me! :)",0
ham,let me know when you're free for a quick phone call to discuss the travel plans.,0
ham,thanks for the lecture notes! they were super helpful for the exam prep.,0
ham,"hey, are we still meeting for lunch at 1pm tomorrow?",0
ham,"i'm feeling much better today, thanks for checking in on me! thanks!",0
ham,"i'll be there in about 15 minutes, traffic is a bit slow today. :)",0
ham,don't forget we have the project standup meeting at 10am tomorrow morning.,0
ham,can you please pick up some milk and eggs on your way home from work? :),0
ham,"the weather is supposed to be really nice this sunday, want to go for a hike? thanks!",0
spam,your mobile contract is up for renewal! get a brand new iphone 15 pro for £0 upfront. call 0800-111-222.,1
ham,where did you leave the spare car keys? i can't find them on the counter.,0
ham,"sorry i missed your call earlier, i was in an important team meeting. what's up?",0
ham,could you review my pull request on github when you have a moment?,0
ham,where did you leave the spare car keys? i can't find them on the counter. thanks!,0
ham,let's catch up this weekend. are you free on saturday afternoon? thanks!,0
spam,private! your 2004 account for 07781482378 has 800 points. call 0871-872-9758 to claim your reward. ref: #5612,1
ham,thanks for the lecture notes! they were super helpful for the exam prep. :),0
ham,happy birthday! wishing you a fantastic year ahead filled with joy and success! :),0
ham,"hey, are we still meeting for lunch at 1pm tomorrow?",0
ham,where did you leave the spare car keys? i can't find them on the counter. :),0
spam,winner! as a valued customer you are selected to receive a £1000 cash reward. text claim to 87077. ref: #7359,1
ham,thanks for the lecture notes! they were super helpful for the exam prep. :),0
ham,"the weather is supposed to be really nice this sunday, want to go for a hike?",0
spam,"urgent! your mobile number was awarded a £2,000 bonus prize! call 09061701461 immediately to claim. ref: #6619",1
ham,can you please pick up some milk and eggs on your way home from work? :),0
ham,let me know when you're free for a quick phone call to discuss the travel plans.,0
ham,can you please pick up some milk and eggs on your way home from work?,0
ham,i just sent over the revised budget spreadsheet. please check if the numbers look right. :),0
ham,"just reached the airport, flight is on time. see you soon! :)",0
ham,can you send me the link to that recipe you made last week? it was delicious.,0
ham,"the weather is supposed to be really nice this sunday, want to go for a hike? :)",0
ham,can you please pick up some milk and eggs on your way home from work?,0
ham,"sorry i missed your call earlier, i was in an important team meeting. what's up? :)",0
ham,"the weather is supposed to be really nice this sunday, want to go for a hike? thanks!",0
ham,can you please pick up some milk and eggs on your way home from work? :),0
ham,"great job on the presentation today, the client was really impressed with our slides! :)",0
ham,"i'm feeling much better today, thanks for checking in on me! :)",0
ham,let's catch up this weekend. are you free on saturday afternoon?,0
ham,i just sent over the revised budget spreadsheet. please check if the numbers look right.,0
ham,did you finish the python assignment? let's compare our answers tonight.,0
ham,where did you leave the spare car keys? i can't find them on the counter. :),0
ham,can you please pick up some milk and eggs on your way home from work? :),0
ham,did you finish the python assignment? let's compare our answers tonight. thanks!,0
ham,thanks for the lecture notes! they were super helpful for the exam prep. :),0
ham,did you finish the python assignment? let's compare our answers tonight. :),0
ham,can you please pick up some milk and eggs on your way home from work? thanks!,0
ham,"i'll be there in about 15 minutes, traffic is a bit slow today.",0
spam,loan approved! up to £5000 deposited within 1 hour. no credit checks required! call 08000930705.,1
ham,could you review my pull request on github when you have a moment? :),0
ham,where did you leave the spare car keys? i can't find them on the counter. :),0
ham,let's catch up this weekend. are you free on saturday afternoon? :),0
ham,don't forget we have the project standup meeting at 10am tomorrow morning.,0
ham,"hey, are we still meeting for lunch at 1pm tomorrow? :)",0
ham,"the weather is supposed to be really nice this sunday, want to go for a hike? :)",0
ham,happy birthday! wishing you a fantastic year ahead filled with joy and success! :),0
spam,free ringtone! reply yes to 80082 to get polyphonic ringtones directly to your phone. 1.50gbp/week. ref: #3219,1
ham,happy birthday! wishing you a fantastic year ahead filled with joy and success!,0
ham,let's catch up this weekend. are you free on saturday afternoon?,0
ham,where did you leave the spare car keys? i can't find them on the counter. thanks!,0
ham,could you review my pull request on github when you have a moment? :),0
ham,i just sent over the revised budget spreadsheet. please check if the numbers look right. :),0
ham,"hey, are we still meeting for lunch at 1pm tomorrow? :)",0
ham,can you send me the link to that recipe you made last week? it was delicious. thanks!,0
ham,let me know when you're free for a quick phone call to discuss the travel plans.,0
ham,"hey, are we still meeting for lunch at 1pm tomorrow? :)",0
ham,don't forget we have the project standup meeting at 10am tomorrow morning.,0
ham,"hey, are we still meeting for lunch at 1pm tomorrow? :)",0
ham,let me know when you're free for a quick phone call to discuss the travel plans. :),0
ham,can you please pick up some milk and eggs on your way home from work? :),0
ham,"hey, are we still meeting for lunch at 1pm tomorrow? :)",0
ham,don't forget we have the project standup meeting at 10am tomorrow morning.,0
ham,where did you leave the spare car keys? i can't find them on the counter. :),0
ham,i just sent over the revised budget spreadsheet. please check if the numbers look right.,0
ham,let me know when you're free for a quick phone call to discuss the travel plans. :),0
ham,"the weather is supposed to be really nice this sunday, want to go for a hike? :)",0
ham,"i'm feeling much better today, thanks for checking in on me! :)",0
ham,happy birthday! wishing you a fantastic year ahead filled with joy and success!,0
ham,i just sent over the revised budget spreadsheet. please check if the numbers look right. :),0
ham,thanks for the lecture notes! they were super helpful for the exam prep. thanks!,0
ham,"i'm feeling much better today, thanks for checking in on me!",0
spam,win a £500 shopping spree at tesco! to enter simply answer our quick 2-question survey: http://tesco-win.me,1
ham,"sorry i missed your call earlier, i was in an important team meeting. what's up?",0
ham,let's catch up this weekend. are you free on saturday afternoon? :),0
ham,thanks for the lecture notes! they were super helpful for the exam prep. :),0
spam,"dear customer, your bank account has been suspended due to suspicious activity. verify at http://secure-bank-login.xyz",1
ham,"the weather is supposed to be really nice this sunday, want to go for a hike? :)",0
ham,"sorry i missed your call earlier, i was in an important team meeting. what's up? :)",0
ham,did you finish the python assignment? let's compare our answers tonight.,0
ham,sounds good! let's book the tickets for the 7pm movie screening.,0
ham,where did you leave the spare car keys? i can't find them on the counter. :),0
spam,"urgent! your mobile number was awarded a £2,000 bonus prize! call 09061701461 immediately to claim.",1
ham,happy birthday! wishing you a fantastic year ahead filled with joy and success! :),0
ham,can you please pick up some milk and eggs on your way home from work? :),0
ham,"hey, are we still meeting for lunch at 1pm tomorrow? :)",0
ham,can you please pick up some milk and eggs on your way home from work? :),0
ham,"great job on the presentation today, the client was really impressed with our slides!",0
ham,where did you leave the spare car keys? i can't find them on the counter. thanks!,0
ham,can you please pick up some milk and eggs on your way home from work? thanks!,0
ham,"i'm feeling much better today, thanks for checking in on me!",0
ham,"sorry i missed your call earlier, i was in an important team meeting. what's up? :)",0
spam,claim your complimentary 2-week gym pass at fitnessfirst today! text fit to 88088.,1
spam,urgent: call 09066362206 from landline. 150p/min. you have an unclaimed parcel waiting delivery. ref: #8186,1
ham,sounds good! let's book the tickets for the 7pm movie screening.,0
ham,did you finish the python assignment? let's compare our answers tonight. :),0
ham,"i'm feeling much better today, thanks for checking in on me! :)",0
ham,let's catch up this weekend. are you free on saturday afternoon?,0
ham,"great job on the presentation today, the client was really impressed with our slides! :)",0
ham,"running a bit late, start eating without me. be there around 7:30! :)",0
ham,could you review my pull request on github when you have a moment? :),0
ham,"running a bit late, start eating without me. be there around 7:30! :)",0
ham,where did you leave the spare car keys? i can't find them on the counter. :),0
ham,"i'll be there in about 15 minutes, traffic is a bit slow today. :)",0
ham,let's catch up this weekend. are you free on saturday afternoon? :),0
ham,let's catch up this weekend. are you free on saturday afternoon? thanks!,0
ham,"i'll be there in about 15 minutes, traffic is a bit slow today.",0
ham,let me know when you're free for a quick phone call to discuss the travel plans. :),0
ham,"just reached the airport, flight is on time. see you soon! thanks!",0
ham,"hey, are we still meeting for lunch at 1pm tomorrow? thanks!",0
ham,"the weather is supposed to be really nice this sunday, want to go for a hike?",0
ham,sounds good! let's book the tickets for the 7pm movie screening. thanks!,0
ham,"just reached the airport, flight is on time. see you soon!",0
ham,let's catch up this weekend. are you free on saturday afternoon?,0
ham,"the weather is supposed to be really nice this sunday, want to go for a hike? :)",0
ham,"just reached the airport, flight is on time. see you soon! :)",0
ham,don't forget we have the project standup meeting at 10am tomorrow morning.,0
ham,could you review my pull request on github when you have a moment? :),0
spam,"alert: unusual sign-in attempt detected on your paypal account. if this was not you, visit http://paypal-verify.com.",1
spam,congratulations! you won a free cruise to the bahamas! call now at 1-800-555-0199. t&cs apply.,1
ham,"the weather is supposed to be really nice this sunday, want to go for a hike? :)",0
ham,"the weather is supposed to be really nice this sunday, want to go for a hike? :)",0
ham,"great job on the presentation today, the client was really impressed with our slides! :)",0
ham,can you please pick up some milk and eggs on your way home from work? thanks!,0
ham,"hey, are we still meeting for lunch at 1pm tomorrow?",0
ham,don't forget we have the project standup meeting at 10am tomorrow morning. thanks!,0
ham,can you send me the link to that recipe you made last week? it was delicious. :),0
spam,win a £500 shopping spree at tesco! to enter simply answer our quick 2-question survey: http://tesco-win.me ref: #8783,1
spam,claim your complimentary 2-week gym pass at fitnessfirst today! text fit to 88088. ref: #1832,1
ham,i just sent over the revised budget spreadsheet. please check if the numbers look right. :),0
ham,thanks for the lecture notes! they were super helpful for the exam prep.,0
ham,can you send me the link to that recipe you made last week? it was delicious. :),0
ham,"i'm feeling much better today, thanks for checking in on me! :)",0
ham,could you review my pull request on github when you have a moment?,0
ham,did you finish the python assignment? let's compare our answers tonight. thanks!,0
ham,don't forget we have the project standup meeting at 10am tomorrow morning.,0
spam,private! your 2004 account for 07781482378 has 800 points. call 0871-872-9758 to claim your reward. ref: #2120,1
spam,you have won a guaranteed £500 amazon gift card! claim now by replying gift.,1
ham,i just sent over the revised budget spreadsheet. please check if the numbers look right.,0
spam,exclusive offer! 50% discount on luxury watches. visit our website http://swiss-replica.co today only!,1
ham,"sorry i missed your call earlier, i was in an important team meeting. what's up?",0
ham,"the weather is supposed to be really nice this sunday, want to go for a hike? :)",0
ham,"i'm feeling much better today, thanks for checking in on me! :)",0
ham,can you send me the link to that recipe you made last week? it was delicious. :),0
ham,"the weather is supposed to be really nice this sunday, want to go for a hike? :)",0
ham,"i'll be there in about 15 minutes, traffic is a bit slow today. thanks!",0
spam,"urgent! your mobile number was awarded a £2,000 bonus prize! call 09061701461 immediately to claim. ref: #8112",1
ham,where did you leave the spare car keys? i can't find them on the counter. thanks!,0
ham,can you send me the link to that recipe you made last week? it was delicious. thanks!,0
ham,let me know when you're free for a quick phone call to discuss the travel plans. :),0
ham,"the weather is supposed to be really nice this sunday, want to go for a hike? thanks!",0
ham,"i'll be there in about 15 minutes, traffic is a bit slow today. :)",0
ham,"i'm feeling much better today, thanks for checking in on me! :)",0
ham,"just reached the airport, flight is on time. see you soon! :)",0
spam,"urgent! your mobile number was awarded a £2,000 bonus prize! call 09061701461 immediately to claim. ref: #2205",1
spam,"alert: unusual sign-in attempt detected on your paypal account. if this was not you, visit http://paypal-verify.com. ref: #6954",1
ham,could you review my pull request on github when you have a moment? :),0
ham,did you finish the python assignment? let's compare our answers tonight. :),0
ham,could you review my pull request on github when you have a moment?,0
ham,thanks for the lecture notes! they were super helpful for the exam prep.,0
spam,your parcel delivery has failed because no one was home. reschedule fee required: http://dpd-redelivery.org,1
ham,happy birthday! wishing you a fantastic year ahead filled with joy and success! :),0
ham,i just sent over the revised budget spreadsheet. please check if the numbers look right.,0
ham,thanks for the lecture notes! they were super helpful for the exam prep. :),0
ham,"sorry i missed your call earlier, i was in an important team meeting. what's up?",0
ham,"i'm feeling much better today, thanks for checking in on me! :)",0
ham,"sorry i missed your call earlier, i was in an important team meeting. what's up? thanks!",0
ham,"sorry i missed your call earlier, i was in an important team meeting. what's up? :)",0
spam,you have won a guaranteed £500 amazon gift card! claim now by replying gift. ref: #6560,1
ham,"i'll be there in about 15 minutes, traffic is a bit slow today. :)",0
ham,can you send me the link to that recipe you made last week? it was delicious. thanks!,0
ham,i just sent over the revised budget spreadsheet. please check if the numbers look right. :),0
ham,sounds good! let's book the tickets for the 7pm movie screening. :),0
spam,"dear customer, your bank account has been suspended due to suspicious activity. verify at http://secure-bank-login.xyz ref: #2792",1
spam,"alert: unusual sign-in attempt detected on your paypal account. if this was not you, visit http://paypal-verify.com. ref: #2645",1
spam,loan approved! up to £5000 deposited within 1 hour. no credit checks required! call 08000930705. ref: #3832,1
ham,happy birthday! wishing you a fantastic year ahead filled with joy and success! :),0
ham,i just sent over the revised budget spreadsheet. please check if the numbers look right. :),0
ham,"i'm feeling much better today, thanks for checking in on me! thanks!",0
ham,thanks for the lecture notes! they were super helpful for the exam prep. :),0
ham,happy birthday! wishing you a fantastic year ahead filled with joy and success! thanks!,0
ham,"i'll be there in about 15 minutes, traffic is a bit slow today. thanks!",0
spam,exclusive offer! 50% discount on luxury watches. visit our website http://swiss-replica.co today only! ref: #5820,1
ham,can you please pick up some milk and eggs on your way home from work? thanks!,0
ham,can you send me the link to that recipe you made last week? it was delicious. :),0
ham,"running a bit late, start eating without me. be there around 7:30! thanks!",0
ham,sounds good! let's book the tickets for the 7pm movie screening.,0
ham,thanks for the lecture notes! they were super helpful for the exam prep. thanks!,0
ham,"hey, are we still meeting for lunch at 1pm tomorrow?",0
spam,you have won a guaranteed £500 amazon gift card! claim now by replying gift. ref: #4451,1
spam,hot singles in your area want to chat with you right now! reply chat to 69696 to connect.,1
ham,happy birthday! wishing you a fantastic year ahead filled with joy and success! :),0
spam,your mobile contract is up for renewal! get a brand new iphone 15 pro for £0 upfront. call 0800-111-222.,1
spam,"dear customer, your bank account has been suspended due to suspicious activity. verify at http://secure-bank-login.xyz",1
spam,double your money in 24 hours! guaranteed crypto returns. click http://bit.ly/fast-crypto now!,1
ham,"sorry i missed your call earlier, i was in an important team meeting. what's up? :)",0
spam,you have won a guaranteed £500 amazon gift card! claim now by replying gift. ref: #5208,1
ham,"running a bit late, start eating without me. be there around 7:30! :)",0
spam,urgent: call 09066362206 from landline. 150p/min. you have an unclaimed parcel waiting delivery. ref: #5212,1
spam,final notice! you have unpaid toll fees of £4.50. pay immediately at http://highway-toll-uk.com to avoid legal action. ref: #4490,1
ham,don't forget we have the project standup meeting at 10am tomorrow morning.,0
ham,"running a bit late, start eating without me. be there around 7:30! :)",0
ham,can you please pick up some milk and eggs on your way home from work? :),0
ham,"great job on the presentation today, the client was really impressed with our slides!",0
spam,your parcel delivery has failed because no one was home. reschedule fee required: http://dpd-redelivery.org ref: #5926,1
ham,thanks for the lecture notes! they were super helpful for the exam prep. thanks!,0
ham,sounds good! let's book the tickets for the 7pm movie screening. :),0
ham,let me know when you're free for a quick phone call to discuss the travel plans. :),0
ham,let me know when you're free for a quick phone call to discuss the travel plans. :),0
ham,let's catch up this weekend. are you free on saturday afternoon? :),0
ham,can you please pick up some milk and eggs on your way home from work? :),0
ham,where did you leave the spare car keys? i can't find them on the counter.,0
ham,don't forget we have the project standup meeting at 10am tomorrow morning. thanks!,0
ham,"hey, are we still meeting for lunch at 1pm tomorrow? :)",0
ham,"the weather is supposed to be really nice this sunday, want to go for a hike? :)",0
spam,loan approved! up to £5000 deposited within 1 hour. no credit checks required! call 08000930705. ref: #4675,1
ham,thanks for the lecture notes! they were super helpful for the exam prep. :),0
ham,"sorry i missed your call earlier, i was in an important team meeting. what's up? :)",0
spam,"alert: unusual sign-in attempt detected on your paypal account. if this was not you, visit http://paypal-verify.com. ref: #7645",1
ham,let me know when you're free for a quick phone call to discuss the travel plans. :),0
ham,"just reached the airport, flight is on time. see you soon!",0
ham,"i'm feeling much better today, thanks for checking in on me!",0
ham,"just reached the airport, flight is on time. see you soon! :)",0
spam,your mobile contract is up for renewal! get a brand new iphone 15 pro for £0 upfront. call 0800-111-222.,1
ham,could you review my pull request on github when you have a moment?,0
spam,your parcel delivery has failed because no one was home. reschedule fee required: http://dpd-redelivery.org,1
ham,"the weather is supposed to be really nice this sunday, want to go for a hike? :)",0
ham,"hey, are we still meeting for lunch at 1pm tomorrow? thanks!",0
ham,happy birthday! wishing you a fantastic year ahead filled with joy and success!,0
ham,did you finish the python assignment? let's compare our answers tonight.,0
ham,"great job on the presentation today, the client was really impressed with our slides! :)",0
ham,"i'll be there in about 15 minutes, traffic is a bit slow today.",0
spam,final notice! you have unpaid toll fees of £4.50. pay immediately at http://highway-toll-uk.com to avoid legal action.,1
ham,"hey, are we still meeting for lunch at 1pm tomorrow?",0
ham,i just sent over the revised budget spreadsheet. please check if the numbers look right. :),0
ham,"running a bit late, start eating without me. be there around 7:30! :)",0
ham,"i'm feeling much better today, thanks for checking in on me! :)",0
ham,"i'm feeling much better today, thanks for checking in on me!",0
ham,happy birthday! wishing you a fantastic year ahead filled with joy and success! thanks!,0
ham,did you finish the python assignment? let's compare our answers tonight.,0
ham,can you please pick up some milk and eggs on your way home from work? :),0
ham,"just reached the airport, flight is on time. see you soon!",0
ham,thanks for the lecture notes! they were super helpful for the exam prep.,0
ham,"hey, are we still meeting for lunch at 1pm tomorrow?",0
ham,"i'm feeling much better today, thanks for checking in on me!",0
ham,happy birthday! wishing you a fantastic year ahead filled with joy and success! thanks!,0
spam,loan approved! up to £5000 deposited within 1 hour. no credit checks required! call 08000930705.,1
spam,claim your complimentary 2-week gym pass at fitnessfirst today! text fit to 88088. ref: #4177,1
ham,don't forget we have the project standup meeting at 10am tomorrow morning. :),0
ham,could you review my pull request on github when you have a moment? thanks!,0
ham,i just sent over the revised budget spreadsheet. please check if the numbers look right. :),0
ham,"sorry i missed your call earlier, i was in an important team meeting. what's up? :)",0
spam,"dear customer, your bank account has been suspended due to suspicious activity. verify at http://secure-bank-login.xyz ref: #4072",1
ham,"great job on the presentation today, the client was really impressed with our slides!",0
spam,win a £500 shopping spree at tesco! to enter simply answer our quick 2-question survey: http://tesco-win.me,1
ham,"just reached the airport, flight is on time. see you soon!",0
spam,exclusive offer! 50% discount on luxury watches. visit our website http://swiss-replica.co today only!,1
ham,"i'm feeling much better today, thanks for checking in on me! :)",0
ham,happy birthday! wishing you a fantastic year ahead filled with joy and success! :),0
ham,"running a bit late, start eating without me. be there around 7:30! :)",0
ham,"the weather is supposed to be really nice this sunday, want to go for a hike? :)",0
ham,did you finish the python assignment? let's compare our answers tonight.,0
spam,"dear customer, your bank account has been suspended due to suspicious activity. verify at http://secure-bank-login.xyz ref: #7988",1
spam,claim your complimentary 2-week gym pass at fitnessfirst today! text fit to 88088.,1
ham,sounds good! let's book the tickets for the 7pm movie screening. thanks!,0
ham,did you finish the python assignment? let's compare our answers tonight. thanks!,0
ham,can you please pick up some milk and eggs on your way home from work?,0
ham,"i'll be there in about 15 minutes, traffic is a bit slow today. :)",0
ham,where did you leave the spare car keys? i can't find them on the counter.,0
ham,"running a bit late, start eating without me. be there around 7:30! thanks!",0
ham,did you finish the python assignment? let's compare our answers tonight. thanks!,0
ham,"sorry i missed your call earlier, i was in an important team meeting. what's up?",0
ham,where did you leave the spare car keys? i can't find them on the counter.,0
ham,let's catch up this weekend. are you free on saturday afternoon? thanks!,0
ham,"running a bit late, start eating without me. be there around 7:30! :)",0
ham,did you finish the python assignment? let's compare our answers tonight. :),0
ham,"just reached the airport, flight is on time. see you soon!",0
ham,let me know when you're free for a quick phone call to discuss the travel plans.,0
spam,"dear customer, your bank account has been suspended due to suspicious activity. verify at http://secure-bank-login.xyz ref: #5757",1
ham,i just sent over the revised budget spreadsheet. please check if the numbers look right. :),0
ham,could you review my pull request on github when you have a moment?,0
ham,did you finish the python assignment? let's compare our answers tonight. :),0
spam,you have won a guaranteed £500 amazon gift card! claim now by replying gift. ref: #3048,1
ham,let me know when you're free for a quick phone call to discuss the travel plans. thanks!,0
ham,"hey, are we still meeting for lunch at 1pm tomorrow? :)",0
ham,let me know when you're free for a quick phone call to discuss the travel plans.,0
ham,let me know when you're free for a quick phone call to discuss the travel plans. thanks!,0
spam,free entry in 2 a weekly competition to win £1000 cash. text win to 82122 to enter now!,1
ham,could you review my pull request on github when you have a moment? thanks!,0
ham,can you please pick up some milk and eggs on your way home from work? :),0
ham,thanks for the lecture notes! they were super helpful for the exam prep.,0
ham,thanks for the lecture notes! they were super helpful for the exam prep. :),0
ham,"great job on the presentation today, the client was really impressed with our slides! thanks!",0
ham,i just sent over the revised budget spreadsheet. please check if the numbers look right. :),0
spam,your mobile contract is up for renewal! get a brand new iphone 15 pro for £0 upfront. call 0800-111-222.,1
ham,"i'm feeling much better today, thanks for checking in on me! thanks!",0
spam,double your money in 24 hours! guaranteed crypto returns. click http://bit.ly/fast-crypto now! ref: #9393,1
ham,"i'm feeling much better today, thanks for checking in on me! :)",0
ham,let me know when you're free for a quick phone call to discuss the travel plans. :),0
ham,could you review my pull request on github when you have a moment? :),0
ham,"i'm feeling much better today, thanks for checking in on me! thanks!",0
ham,i just sent over the revised budget spreadsheet. please check if the numbers look right. :),0
ham,let me know when you're free for a quick phone call to discuss the travel plans.,0
spam,"urgent! your mobile number was awarded a £2,000 bonus prize! call 09061701461 immediately to claim.",1
ham,let me know when you're free for a quick phone call to discuss the travel plans. :),0
ham,thanks for the lecture notes! they were super helpful for the exam prep.,0
ham,"i'm feeling much better today, thanks for checking in on me! :)",0
ham,i just sent over the revised budget spreadsheet. please check if the numbers look right.,0
ham,where did you leave the spare car keys? i can't find them on the counter. :),0
ham,don't forget we have the project standup meeting at 10am tomorrow morning.,0
ham,sounds good! let's book the tickets for the 7pm movie screening.,0
spam,claim your complimentary 2-week gym pass at fitnessfirst today! text fit to 88088. ref: #8970,1
ham,can you send me the link to that recipe you made last week? it was delicious.,0
ham,let me know when you're free for a quick phone call to discuss the travel plans.,0
ham,thanks for the lecture notes! they were super helpful for the exam prep. :),0
spam,loan approved! up to £5000 deposited within 1 hour. no credit checks required! call 08000930705. ref: #4530,1
ham,let me know when you're free for a quick phone call to discuss the travel plans.,0
ham,"i'll be there in about 15 minutes, traffic is a bit slow today.",0
ham,"great job on the presentation today, the client was really impressed with our slides! :)",0
ham,"i'll be there in about 15 minutes, traffic is a bit slow today. :)",0
ham,don't forget we have the project standup meeting at 10am tomorrow morning. :),0
ham,did you finish the python assignment? let's compare our answers tonight. :),0
ham,can you send me the link to that recipe you made last week? it was delicious. :),0
ham,don't forget we have the project standup meeting at 10am tomorrow morning.,0
ham,did you finish the python assignment? let's compare our answers tonight. :),0
ham,happy birthday! wishing you a fantastic year ahead filled with joy and success! :),0
ham,don't forget we have the project standup meeting at 10am tomorrow morning. :),0
ham,did you finish the python assignment? let's compare our answers tonight. thanks!,0
ham,"hey, are we still meeting for lunch at 1pm tomorrow? :)",0
spam,congratulations! you won a free cruise to the bahamas! call now at 1-800-555-0199. t&cs apply. ref: #4744,1
ham,can you send me the link to that recipe you made last week? it was delicious. thanks!,0
ham,where did you leave the spare car keys? i can't find them on the counter. :),0
ham,don't forget we have the project standup meeting at 10am tomorrow morning. :),0
ham,i just sent over the revised budget spreadsheet. please check if the numbers look right.,0
ham,"great job on the presentation today, the client was really impressed with our slides!",0
ham,"hey, are we still meeting for lunch at 1pm tomorrow?",0
ham,thanks for the lecture notes! they were super helpful for the exam prep. thanks!,0
ham,"the weather is supposed to be really nice this sunday, want to go for a hike? :)",0
ham,"i'll be there in about 15 minutes, traffic is a bit slow today. :)",0
ham,"i'll be there in about 15 minutes, traffic is a bit slow today. :)",0
ham,"sorry i missed your call earlier, i was in an important team meeting. what's up? :)",0
spam,"dear customer, your bank account has been suspended due to suspicious activity. verify at http://secure-bank-login.xyz ref: #7316",1
ham,don't forget we have the project standup meeting at 10am tomorrow morning. thanks!,0
ham,let me know when you're free for a quick phone call to discuss the travel plans. thanks!,0
ham,did you finish the python assignment? let's compare our answers tonight.,0
ham,"the weather is supposed to be really nice this sunday, want to go for a hike?",0
ham,can you send me the link to that recipe you made last week? it was delicious.,0
ham,let me know when you're free for a quick phone call to discuss the travel plans.,0
ham,can you please pick up some milk and eggs on your way home from work?,0
ham,where did you leave the spare car keys? i can't find them on the counter. :),0
ham,let me know when you're free for a quick phone call to discuss the travel plans.,0
ham,"just reached the airport, flight is on time. see you soon! thanks!",0
ham,"running a bit late, start eating without me. be there around 7:30!",0
ham,"sorry i missed your call earlier, i was in an important team meeting. what's up? :)",0
ham,happy birthday! wishing you a fantastic year ahead filled with joy and success!,0
ham,did you finish the python assignment? let's compare our answers tonight. :),0
ham,don't forget we have the project standup meeting at 10am tomorrow morning. :),0
ham,where did you leave the spare car keys? i can't find them on the counter. :),0
spam,double your money in 24 hours! guaranteed crypto returns. click http://bit.ly/fast-crypto now! ref: #1688,1
ham,"the weather is supposed to be really nice this sunday, want to go for a hike? :)",0
spam,win a £500 shopping spree at tesco! to enter simply answer our quick 2-question survey: http://tesco-win.me ref: #1235,1
spam,free ringtone! reply yes to 80082 to get polyphonic ringtones directly to your phone. 1.50gbp/week. ref: #7722,1
ham,can you please pick up some milk and eggs on your way home from work? :),0
ham,did you finish the python assignment? let's compare our answers tonight.,0
ham,can you please pick up some milk and eggs on your way home from work?,0
ham,"i'm feeling much better today, thanks for checking in on me! :)",0
spam,special promotion! buy 1 get 2 free on all health supplements. order at http://vitamins-direct.com. ref: #3443,1
ham,"running a bit late, start eating without me. be there around 7:30! :)",0
ham,where did you leave the spare car keys? i can't find them on the counter.,0
ham,"running a bit late, start eating without me. be there around 7:30!",0
spam,"urgent! your mobile number was awarded a £2,000 bonus prize! call 09061701461 immediately to claim. ref: #4876",1
ham,could you review my pull request on github when you have a moment?,0
ham,happy birthday! wishing you a fantastic year ahead filled with joy and success! :),0
ham,"i'm feeling much better today, thanks for checking in on me! :)",0
ham,thanks for the lecture notes! they were super helpful for the exam prep. thanks!,0
ham,thanks for the lecture notes! they were super helpful for the exam prep. :),0
ham,can you please pick up some milk and eggs on your way home from work?,0
spam,congratulations! you won a free cruise to the bahamas! call now at 1-800-555-0199. t&cs apply.,1
ham,"great job on the presentation today, the client was really impressed with our slides!",0
ham,"great job on the presentation today, the client was really impressed with our slides!",0
ham,did you finish the python assignment? let's compare our answers tonight. :),0
ham,"i'm feeling much better today, thanks for checking in on me! thanks!",0
ham,let's catch up this weekend. are you free on saturday afternoon? :),0
ham,"just reached the airport, flight is on time. see you soon!",0
spam,urgent: call 09066362206 from landline. 150p/min. you have an unclaimed parcel waiting delivery. ref: #4228,1
spam,exclusive offer! 50% discount on luxury watches. visit our website http://swiss-replica.co today only!,1
ham,"sorry i missed your call earlier, i was in an important team meeting. what's up? :)",0
ham,"just reached the airport, flight is on time. see you soon!",0
spam,private! your 2004 account for 07781482378 has 800 points. call 0871-872-9758 to claim your reward. ref: #5227,1
ham,happy birthday! wishing you a fantastic year ahead filled with joy and success! thanks!,0
spam,private! your 2004 account for 07781482378 has 800 points. call 0871-872-9758 to claim your reward. ref: #2828,1
ham,where did you leave the spare car keys? i can't find them on the counter.,0
ham,"i'm feeling much better today, thanks for checking in on me!",0
ham,i just sent over the revised budget spreadsheet. please check if the numbers look right. thanks!,0
ham,did you finish the python assignment? let's compare our answers tonight.,0
ham,let's catch up this weekend. are you free on saturday afternoon? :),0
ham,sounds good! let's book the tickets for the 7pm movie screening.,0
ham,did you finish the python assignment? let's compare our answers tonight.,0
spam,congratulations! you won a free cruise to the bahamas! call now at 1-800-555-0199. t&cs apply. ref: #5944,1
ham,"i'll be there in about 15 minutes, traffic is a bit slow today. :)",0
spam,your parcel delivery has failed because no one was home. reschedule fee required: http://dpd-redelivery.org ref: #3190,1
spam,win a £500 shopping spree at tesco! to enter simply answer our quick 2-question survey: http://tesco-win.me ref: #9477,1
spam,final notice! you have unpaid toll fees of £4.50. pay immediately at http://highway-toll-uk.com to avoid legal action. ref: #7166,1
ham,where did you leave the spare car keys? i can't find them on the counter. thanks!,0
ham,"great job on the presentation today, the client was really impressed with our slides!",0
ham,let me know when you're free for a quick phone call to discuss the travel plans. :),0
ham,let's catch up this weekend. are you free on saturday afternoon? :),0
ham,don't forget we have the project standup meeting at 10am tomorrow morning.,0
ham,can you please pick up some milk and eggs on your way home from work? :),0
ham,thanks for the lecture notes! they were super helpful for the exam prep.,0
ham,"just reached the airport, flight is on time. see you soon! :)",0
ham,"i'll be there in about 15 minutes, traffic is a bit slow today.",0
ham,"just reached the airport, flight is on time. see you soon! :)",0
ham,can you send me the link to that recipe you made last week? it was delicious.,0
ham,"hey, are we still meeting for lunch at 1pm tomorrow? :)",0
ham,happy birthday! wishing you a fantastic year ahead filled with joy and success! :),0
ham,"i'll be there in about 15 minutes, traffic is a bit slow today. thanks!",0
ham,"great job on the presentation today, the client was really impressed with our slides! :)",0
ham,don't forget we have the project standup meeting at 10am tomorrow morning.,0
ham,did you finish the python assignment? let's compare our answers tonight.,0
spam,win a £500 shopping spree at tesco! to enter simply answer our quick 2-question survey: http://tesco-win.me ref: #9533,1
ham,"i'm feeling much better today, thanks for checking in on me! :)",0
ham,"just reached the airport, flight is on time. see you soon!",0
spam,hot singles in your area want to chat with you right now! reply chat to 69696 to connect.,1
ham,where did you leave the spare car keys? i can't find them on the counter.,0
spam,claim your complimentary 2-week gym pass at fitnessfirst today! text fit to 88088. ref: #3538,1
ham,"sorry i missed your call earlier, i was in an important team meeting. what's up?",0
spam,win a £500 shopping spree at tesco! to enter simply answer our quick 2-question survey: http://tesco-win.me ref: #9389,1
spam,winner! as a valued customer you are selected to receive a £1000 cash reward. text claim to 87077.,1
ham,can you please pick up some milk and eggs on your way home from work? :),0
ham,"just reached the airport, flight is on time. see you soon! :)",0
ham,thanks for the lecture notes! they were super helpful for the exam prep. :),0
ham,happy birthday! wishing you a fantastic year ahead filled with joy and success!,0
