order_id,customer_id,order_value,items_count,satisfaction_rating,is_repeat_customer
ORD-10000,CUST-1423,2629.53,7,4,True
ORD-10001,CUST-1265,2963.98,6,4,False
ORD-10002,CUST-1102,1315.98,2,5,True
ORD-10003,CUST-1296,2504.12,5,2,True
ORD-10004,CUST-1072,2404.58,4,3,False
ORD-10005,CUST-1010,3065.76,5,3,True
ORD-10006,CUST-1316,2461.26,5,5,True
ORD-10007,CUST-1257,2748.59,5,5,True
ORD-10008,CUST-1378,2675.94,4,4,True
ORD-10009,CUST-1172,3065.01,5,1,False
ORD-10010,CUST-1427,2292.28,4,3,True
ORD-10011,CUST-1210,3347.91,1,4,False
ORD-10012,CUST-1369,2135.88,1,4,True
ORD-10013,CUST-1050,2796.97,7,5,False
ORD-10014,CUST-1048,2708.14,7,5,True
ORD-10015,CUST-1391,4187.75,5,4,False
ORD-10016,CUST-1416,2083.67,2,5,True
ORD-10017,CUST-1471,2860.26,6,5,True
ORD-10018,CUST-1162,2339.23,2,4,True
ORD-10019,CUST-1011,1896.88,3,4,True
ORD-10020,CUST-1489,2958.37,3,5,True
ORD-10021,CUST-1300,1702.94,1,3,False
ORD-10022,CUST-1123,1990.52,6,5,False
ORD-10023,CUST-1381,2496.35,4,2,False
ORD-10024,CUST-1451,3059.41,3,4,True
ORD-10025,CUST-1142,2908.5,4,5,True
ORD-10026,CUST-1384,2618.31,1,4,False
ORD-10027,CUST-1393,1553.3,4,4,False
ORD-10028,CUST-1250,2109.62,4,4,True
ORD-10029,CUST-1316,2233.43,3,3,False
ORD-10030,CUST-1134,1873.01,6,3,True
ORD-10031,CUST-1464,1441.58,2,3,False
ORD-10032,CUST-1491,2528.55,1,4,False
ORD-10033,CUST-1490,2933.47,4,4,False
ORD-10034,CUST-1368,2186.21,7,3,True
ORD-10035,CUST-1021,3048.7,3,5,True
ORD-10036,CUST-1183,1647.19,1,4,True
ORD-10037,CUST-1222,1842.36,7,4,False
ORD-10038,CUST-1479,2514.31,4,4,True
ORD-10039,CUST-1273,2136.56,2,3,False
ORD-10040,CUST-1268,2867.59,5,5,False
ORD-10041,CUST-1073,2740.63,3,4,True
ORD-10042,CUST-1396,2177.09,7,1,True
ORD-10043,CUST-1168,1689.68,3,5,False
ORD-10044,CUST-1045,2110.22,4,5,True
ORD-10045,CUST-1493,2758.43,4,5,True
ORD-10046,CUST-1095,2898.08,2,5,True
ORD-10047,CUST-1008,2139.04,4,5,True
ORD-10048,CUST-1038,1439.43,1,4,False
ORD-10049,CUST-1226,1622.52,5,4,True
ORD-10050,CUST-1051,2698.63,6,4,True
ORD-10051,CUST-1421,2167.51,7,3,True
ORD-10052,CUST-1256,2181.41,3,3,True
ORD-10053,CUST-1161,1834.32,2,2,True
ORD-10054,CUST-1001,1825.04,4,4,False
ORD-10055,CUST-1239,3034.67,5,5,True
ORD-10056,CUST-1075,2724.11,7,5,True
ORD-10057,CUST-1489,2033.54,1,4,False
ORD-10058,CUST-1145,2465.46,2,3,True
ORD-10059,CUST-1237,2577.96,2,4,True
ORD-10060,CUST-1009,3679.3,2,4,True
ORD-10061,CUST-1065,1783.85,4,5,True
ORD-10062,CUST-1103,2568.95,7,5,True
ORD-10063,CUST-1025,3030.55,1,5,False
ORD-10064,CUST-1362,3555.88,6,5,False
ORD-10065,CUST-1472,2005.98,5,5,True
ORD-10066,CUST-1492,2160.14,5,4,True
ORD-10067,CUST-1132,2874.9,5,1,True
ORD-10068,CUST-1394,1546.39,1,2,True
ORD-10069,CUST-1252,2635.88,6,4,True
ORD-10070,CUST-1022,4046.95,2,3,False
ORD-10071,CUST-1045,2709.37,4,3,False
ORD-10072,CUST-1273,1235.46,5,5,True
ORD-10073,CUST-1211,1903.58,5,3,False
ORD-10074,CUST-1004,2022.66,3,5,True
ORD-10075,CUST-1465,3217.13,3,5,True
ORD-10076,CUST-1365,2309.57,4,4,False
ORD-10077,CUST-1251,1445.54,1,4,True
ORD-10078,CUST-1493,2379.56,6,4,False
ORD-10079,CUST-1485,2505.82,1,4,False
ORD-10080,CUST-1486,2091.67,4,3,False
ORD-10081,CUST-1129,1816.53,5,5,True
ORD-10082,CUST-1440,4174.82,1,4,True
ORD-10083,CUST-1252,3033.22,7,3,False
ORD-10084,CUST-1363,3107.6,3,5,False
ORD-10085,CUST-1429,2310.89,1,4,True
ORD-10086,CUST-1081,1996.95,5,4,False
ORD-10087,CUST-1224,2119.2,4,4,True
ORD-10088,CUST-1064,1646.01,5,3,True
ORD-10089,CUST-1139,3658.89,6,4,False
ORD-10090,CUST-1206,2336.11,4,3,True
ORD-10091,CUST-1427,3419.06,6,3,True
ORD-10092,CUST-1431,2146.82,3,3,False
ORD-10093,CUST-1194,2719.93,4,4,False
ORD-10094,CUST-1164,2542.96,2,4,False
ORD-10095,CUST-1265,1598.89,5,4,True
ORD-10096,CUST-1455,3790.28,2,3,False
ORD-10097,CUST-1488,2164.33,5,3,True
ORD-10098,CUST-1113,1737.77,6,4,True
ORD-10099,CUST-1093,2881.16,7,2,True
ORD-10100,CUST-1353,2412.52,7,4,False
ORD-10101,CUST-1150,2653.28,1,5,False
ORD-10102,CUST-1099,2478.23,1,4,False
ORD-10103,CUST-1015,1271.46,7,5,True
ORD-10104,CUST-1201,1886.03,3,2,True
ORD-10105,CUST-1195,1865.94,1,1,True
ORD-10106,CUST-1281,3095.0,3,5,True
ORD-10107,CUST-1100,2436.93,6,5,True
ORD-10108,CUST-1357,2764.21,3,5,True
ORD-10109,CUST-1340,2199.65,1,2,False
ORD-10110,CUST-1231,2801.33,6,5,False
ORD-10111,CUST-1090,2312.3,2,4,False
ORD-10112,CUST-1253,2266.74,3,4,True
ORD-10113,CUST-1337,2538.27,1,3,True
ORD-10114,CUST-1186,2478.16,5,5,True
ORD-10115,CUST-1131,4568.05,4,2,True
ORD-10116,CUST-1253,1880.26,7,5,True
ORD-10117,CUST-1177,1550.11,3,4,True
ORD-10118,CUST-1200,2637.38,2,5,True
ORD-10119,CUST-1174,1952.71,2,5,False
ORD-10120,CUST-1151,1228.83,2,5,True
ORD-10121,CUST-1358,1762.29,4,3,True
ORD-10122,CUST-1230,4256.32,1,1,True
ORD-10123,CUST-1233,1866.68,3,4,True
ORD-10124,CUST-1326,1405.75,6,4,True
ORD-10125,CUST-1180,4175.58,6,2,True
ORD-10126,CUST-1050,1743.39,5,3,True
ORD-10127,CUST-1426,4983.67,7,4,True
ORD-10128,CUST-1027,2173.79,6,2,False
ORD-10129,CUST-1285,3794.91,5,2,True
ORD-10130,CUST-1132,2252.78,7,5,True
ORD-10131,CUST-1106,2724.36,1,4,True
ORD-10132,CUST-1020,2326.01,6,5,True
ORD-10133,CUST-1450,2257.41,3,5,True
ORD-10134,CUST-1214,2577.6,6,3,False
ORD-10135,CUST-1171,2751.58,7,5,True
ORD-10136,CUST-1370,2523.42,4,4,True
ORD-10137,CUST-1019,2452.39,1,4,True
ORD-10138,CUST-1282,1957.16,3,2,True
ORD-10139,CUST-1247,2350.36,3,3,True
ORD-10140,CUST-1276,3653.74,7,2,True
ORD-10141,CUST-1061,1932.71,7,4,True
ORD-10142,CUST-1476,2598.27,4,5,False
ORD-10143,CUST-1119,3321.4,7,4,False
ORD-10144,CUST-1339,2757.98,4,5,False
ORD-10145,CUST-1373,3104.27,3,5,True
ORD-10146,CUST-1171,1735.92,6,4,False
ORD-10147,CUST-1065,2600.1,5,1,True
ORD-10148,CUST-1148,2222.44,4,5,True
ORD-10149,CUST-1403,2248.43,4,4,False
ORD-10150,CUST-1453,3563.1,5,1,False
ORD-10151,CUST-1468,2258.27,6,4,False
ORD-10152,CUST-1113,2623.25,4,5,False
ORD-10153,CUST-1303,1406.23,1,3,True
ORD-10154,CUST-1075,3793.67,1,4,False
ORD-10155,CUST-1355,3053.35,2,3,True
ORD-10156,CUST-1207,2374.48,4,2,False
ORD-10157,CUST-1356,2195.31,5,2,False
ORD-10158,CUST-1342,2834.94,6,5,True
ORD-10159,CUST-1496,3309.86,2,5,True
ORD-10160,CUST-1244,3808.95,6,3,True
ORD-10161,CUST-1170,3024.91,5,4,True
ORD-10162,CUST-1263,2461.61,1,3,True
ORD-10163,CUST-1081,3154.56,3,1,False
ORD-10164,CUST-1055,2988.95,3,4,True
ORD-10165,CUST-1259,2464.27,7,4,False
ORD-10166,CUST-1412,2964.31,7,4,True
ORD-10167,CUST-1266,2948.65,6,4,True
ORD-10168,CUST-1390,2370.7,4,4,True
ORD-10169,CUST-1088,2079.95,4,2,False
ORD-10170,CUST-1224,2876.72,3,3,True
ORD-10171,CUST-1306,1789.3,6,5,True
ORD-10172,CUST-1173,1678.58,1,5,True
ORD-10173,CUST-1007,2634.79,2,5,False
ORD-10174,CUST-1036,2854.77,1,5,True
ORD-10175,CUST-1463,2629.28,4,4,True
ORD-10176,CUST-1302,2708.99,3,5,False
ORD-10177,CUST-1132,1265.67,2,4,False
ORD-10178,CUST-1129,2841.2,3,1,True
ORD-10179,CUST-1019,3567.03,7,2,True
ORD-10180,CUST-1472,3039.64,4,2,True
ORD-10181,CUST-1054,3013.67,6,2,True
ORD-10182,CUST-1379,2578.1,7,4,False
ORD-10183,CUST-1120,2604.84,7,5,True
ORD-10184,CUST-1167,2316.92,3,5,True
ORD-10185,CUST-1136,2686.63,7,4,True
ORD-10186,CUST-1412,1764.43,7,3,True
ORD-10187,CUST-1016,3571.9,7,5,True
ORD-10188,CUST-1176,1898.17,3,4,False
ORD-10189,CUST-1139,3037.9,2,1,True
ORD-10190,CUST-1136,3438.81,5,4,False
ORD-10191,CUST-1096,3035.87,7,4,False
ORD-10192,CUST-1456,4373.21,7,3,True
ORD-10193,CUST-1189,1292.28,4,5,True
ORD-10194,CUST-1209,2117.51,2,5,True
ORD-10195,CUST-1192,3422.11,3,4,True
ORD-10196,CUST-1490,1659.91,5,3,True
ORD-10197,CUST-1169,1914.52,4,5,False
ORD-10198,CUST-1170,2790.87,3,4,True
ORD-10199,CUST-1163,2453.21,3,3,True
ORD-10200,CUST-1163,2742.57,1,4,True
ORD-10201,CUST-1044,2511.38,3,4,True
ORD-10202,CUST-1302,2575.5,5,4,False
ORD-10203,CUST-1012,1967.17,2,2,True
ORD-10204,CUST-1112,2552.51,7,4,False
ORD-10205,CUST-1101,2157.65,1,2,False
ORD-10206,CUST-1145,2239.45,5,3,True
ORD-10207,CUST-1378,3026.12,4,3,True
ORD-10208,CUST-1299,1636.25,6,5,True
ORD-10209,CUST-1495,1149.74,7,4,False
ORD-10210,CUST-1175,2963.19,4,4,True
ORD-10211,CUST-1464,2553.23,5,4,False
ORD-10212,CUST-1022,3437.71,5,5,False
ORD-10213,CUST-1252,1928.95,4,4,False
ORD-10214,CUST-1399,2349.82,2,5,True
ORD-10215,CUST-1265,2479.29,4,4,True
ORD-10216,CUST-1466,2033.39,2,2,False
ORD-10217,CUST-1157,1860.23,4,4,True
ORD-10218,CUST-1016,3005.64,5,4,False
ORD-10219,CUST-1386,1591.65,2,5,True
ORD-10220,CUST-1034,1774.38,2,5,True
ORD-10221,CUST-1382,2327.83,6,4,False
ORD-10222,CUST-1366,3104.96,3,5,True
ORD-10223,CUST-1422,2070.34,2,4,True
ORD-10224,CUST-1239,1997.25,5,3,True
ORD-10225,CUST-1447,2289.4,6,4,True
ORD-10226,CUST-1084,2670.97,6,1,False
ORD-10227,CUST-1217,2190.0,6,5,True
ORD-10228,CUST-1060,3218.15,7,2,True
ORD-10229,CUST-1383,3257.36,5,4,True
ORD-10230,CUST-1357,2327.79,3,4,False
ORD-10231,CUST-1403,4003.19,7,1,True
ORD-10232,CUST-1382,2463.57,2,2,False
ORD-10233,CUST-1154,3225.59,3,4,False
ORD-10234,CUST-1034,2650.02,6,2,True
ORD-10235,CUST-1464,2636.16,7,4,False
ORD-10236,CUST-1246,1487.09,3,4,False
ORD-10237,CUST-1047,1732.13,6,3,True
ORD-10238,CUST-1463,2221.78,7,3,True
ORD-10239,CUST-1497,3250.22,6,5,False
ORD-10240,CUST-1222,2660.63,1,5,False
ORD-10241,CUST-1385,2227.47,5,3,False
ORD-10242,CUST-1018,2862.7,2,5,False
ORD-10243,CUST-1046,3215.37,6,4,True
ORD-10244,CUST-1138,2420.33,1,4,False
ORD-10245,CUST-1328,2571.14,7,5,False
ORD-10246,CUST-1066,2478.87,2,5,True
ORD-10247,CUST-1017,2377.54,3,5,True
ORD-10248,CUST-1334,1923.08,2,4,True
ORD-10249,CUST-1385,1881.24,6,4,False
ORD-10250,CUST-1369,2857.6,3,4,True
ORD-10251,CUST-1399,3233.07,6,2,False
ORD-10252,CUST-1401,2226.26,1,4,True
ORD-10253,CUST-1301,2211.83,4,1,True
ORD-10254,CUST-1259,1371.07,7,3,True
ORD-10255,CUST-1428,1297.99,7,2,True
ORD-10256,CUST-1174,3468.97,2,3,False
ORD-10257,CUST-1048,1958.39,3,4,True
ORD-10258,CUST-1375,4467.72,3,4,False
ORD-10259,CUST-1137,2054.6,4,4,True
ORD-10260,CUST-1489,1501.23,4,2,False
ORD-10261,CUST-1207,2484.39,1,4,True
ORD-10262,CUST-1425,2995.59,6,4,True
ORD-10263,CUST-1021,2900.35,2,5,True
ORD-10264,CUST-1329,3080.49,3,4,True
ORD-10265,CUST-1224,1813.7,6,4,True
ORD-10266,CUST-1231,3444.69,5,4,False
ORD-10267,CUST-1132,3503.72,3,5,True
ORD-10268,CUST-1485,3548.61,7,5,True
ORD-10269,CUST-1196,2596.17,3,4,True
ORD-10270,CUST-1425,2177.91,4,4,True
ORD-10271,CUST-1212,2123.21,2,1,False
ORD-10272,CUST-1024,1498.85,2,5,True
ORD-10273,CUST-1439,2067.35,4,4,False
ORD-10274,CUST-1092,1124.75,4,3,False
ORD-10275,CUST-1135,1439.85,6,5,True
ORD-10276,CUST-1430,2588.63,3,5,True
ORD-10277,CUST-1446,2247.52,7,1,True
ORD-10278,CUST-1458,2557.19,5,2,True
ORD-10279,CUST-1212,2930.08,1,1,True
ORD-10280,CUST-1378,2687.84,6,4,False
ORD-10281,CUST-1163,2623.56,5,2,True
ORD-10282,CUST-1370,2357.18,3,5,True
ORD-10283,CUST-1251,1938.3,4,5,False
ORD-10284,CUST-1025,1663.72,3,4,True
ORD-10285,CUST-1208,2082.73,5,4,False
ORD-10286,CUST-1233,2368.19,4,4,True
ORD-10287,CUST-1128,2451.01,4,2,True
ORD-10288,CUST-1187,3082.39,2,5,False
ORD-10289,CUST-1251,2308.9,3,2,False
ORD-10290,CUST-1024,2809.09,4,2,False
ORD-10291,CUST-1075,1557.88,4,4,True
ORD-10292,CUST-1383,2598.89,3,1,False
ORD-10293,CUST-1175,2547.62,5,4,True
ORD-10294,CUST-1304,3445.04,2,5,True
ORD-10295,CUST-1282,2248.08,4,5,True
ORD-10296,CUST-1275,1118.35,1,4,True
ORD-10297,CUST-1206,2221.41,4,5,True
ORD-10298,CUST-1241,2935.93,6,4,True
ORD-10299,CUST-1411,1700.01,6,5,False
ORD-10300,CUST-1482,2579.93,5,4,False
ORD-10301,CUST-1128,1675.48,6,3,False
ORD-10302,CUST-1334,3880.76,1,5,True
ORD-10303,CUST-1484,2138.65,3,3,False
ORD-10304,CUST-1003,1644.35,5,1,True
ORD-10305,CUST-1392,2078.53,6,3,True
ORD-10306,CUST-1248,2584.35,5,4,False
ORD-10307,CUST-1483,2784.3,6,4,True
ORD-10308,CUST-1289,3392.04,2,4,True
ORD-10309,CUST-1419,2007.87,2,5,True
ORD-10310,CUST-1083,2973.73,1,4,True
ORD-10311,CUST-1071,1440.27,5,4,False
ORD-10312,CUST-1463,1777.84,5,4,True
ORD-10313,CUST-1263,1570.32,2,5,True
ORD-10314,CUST-1279,1907.26,6,3,True
ORD-10315,CUST-1084,2935.48,6,2,True
ORD-10316,CUST-1113,2021.52,3,4,False
ORD-10317,CUST-1409,2128.16,2,4,False
ORD-10318,CUST-1151,2603.82,6,5,False
ORD-10319,CUST-1292,2751.28,5,4,False
ORD-10320,CUST-1158,2146.37,2,5,True
ORD-10321,CUST-1131,1774.36,2,4,False
ORD-10322,CUST-1083,3687.57,4,1,True
ORD-10323,CUST-1464,2150.38,4,2,True
ORD-10324,CUST-1470,2210.66,2,1,False
ORD-10325,CUST-1057,2288.96,7,4,True
ORD-10326,CUST-1176,2832.6,3,4,False
ORD-10327,CUST-1281,1534.48,3,4,False
ORD-10328,CUST-1191,4100.93,1,4,False
ORD-10329,CUST-1360,2193.48,7,4,True
ORD-10330,CUST-1130,2859.71,2,4,True
ORD-10331,CUST-1029,1649.78,7,4,False
ORD-10332,CUST-1168,2529.7,4,4,True
ORD-10333,CUST-1298,3905.59,7,4,True
ORD-10334,CUST-1090,3739.22,2,4,False
ORD-10335,CUST-1407,2838.43,2,4,False
ORD-10336,CUST-1006,1871.17,6,4,False
ORD-10337,CUST-1033,3339.44,6,4,True
ORD-10338,CUST-1254,1437.2,4,4,True
ORD-10339,CUST-1256,1852.06,1,4,True
ORD-10340,CUST-1147,2360.87,7,3,True
ORD-10341,CUST-1129,1474.27,3,4,True
ORD-10342,CUST-1034,2077.21,7,5,True
ORD-10343,CUST-1331,2990.9,7,1,True
ORD-10344,CUST-1189,1961.71,6,5,True
ORD-10345,CUST-1059,3031.1,5,3,True
ORD-10346,CUST-1199,4429.03,5,4,True
ORD-10347,CUST-1468,2689.78,4,4,True
ORD-10348,CUST-1130,3016.05,1,1,False
ORD-10349,CUST-1447,3372.68,3,5,True
ORD-10350,CUST-1129,2131.44,6,4,False
ORD-10351,CUST-1092,2995.59,6,5,True
ORD-10352,CUST-1130,2116.8,4,4,True
ORD-10353,CUST-1161,2636.28,5,5,True
ORD-10354,CUST-1060,3124.13,1,5,True
ORD-10355,CUST-1293,1895.59,4,4,True
ORD-10356,CUST-1166,1155.25,4,3,False
ORD-10357,CUST-1359,1844.81,7,4,False
ORD-10358,CUST-1245,3256.01,3,4,True
ORD-10359,CUST-1221,1779.78,2,5,True
ORD-10360,CUST-1235,3203.29,3,4,False
ORD-10361,CUST-1078,1847.42,2,3,True
ORD-10362,CUST-1356,2268.25,4,3,True
ORD-10363,CUST-1052,2406.73,5,4,False
ORD-10364,CUST-1360,1777.42,6,5,True
ORD-10365,CUST-1499,2275.34,7,1,False
ORD-10366,CUST-1381,1499.98,1,5,True
ORD-10367,CUST-1227,2184.79,2,5,True
ORD-10368,CUST-1157,2351.1,3,2,True
ORD-10369,CUST-1436,1171.83,2,2,False
ORD-10370,CUST-1128,1840.41,6,4,True
ORD-10371,CUST-1241,2613.62,1,4,False
ORD-10372,CUST-1385,1719.73,1,2,False
ORD-10373,CUST-1461,2734.0,7,5,False
ORD-10374,CUST-1460,2809.32,7,4,True
ORD-10375,CUST-1043,2610.43,2,5,True
ORD-10376,CUST-1449,2985.35,3,5,True
ORD-10377,CUST-1057,1472.21,4,5,True
ORD-10378,CUST-1292,3164.47,4,4,False
ORD-10379,CUST-1464,1785.45,7,3,True
ORD-10380,CUST-1327,2484.08,3,4,False
ORD-10381,CUST-1473,3858.66,1,2,True
ORD-10382,CUST-1172,2171.59,3,4,True
ORD-10383,CUST-1157,2423.82,4,3,True
ORD-10384,CUST-1163,1788.55,4,4,False
ORD-10385,CUST-1177,3847.11,4,2,True
ORD-10386,CUST-1341,1841.57,7,4,True
ORD-10387,CUST-1226,2878.32,6,3,False
ORD-10388,CUST-1368,3370.93,2,4,True
ORD-10389,CUST-1208,2955.84,3,5,True
ORD-10390,CUST-1153,2655.61,5,2,True
ORD-10391,CUST-1095,2473.41,3,5,True
ORD-10392,CUST-1275,1645.0,3,5,True
ORD-10393,CUST-1449,3795.18,2,4,True
ORD-10394,CUST-1429,2594.02,2,4,True
ORD-10395,CUST-1126,2424.23,6,4,True
ORD-10396,CUST-1238,1745.2,6,3,True
ORD-10397,CUST-1352,2457.37,6,4,True
ORD-10398,CUST-1306,2381.31,3,2,True
ORD-10399,CUST-1033,3858.63,1,5,True
ORD-10400,CUST-1295,2423.81,2,5,True
ORD-10401,CUST-1019,2446.24,3,5,True
ORD-10402,CUST-1058,1751.27,4,4,True
ORD-10403,CUST-1326,1942.68,7,4,False
ORD-10404,CUST-1051,2781.16,7,5,False
ORD-10405,CUST-1169,1392.04,1,3,True
ORD-10406,CUST-1294,3159.54,5,2,True
ORD-10407,CUST-1327,3184.15,3,4,True
ORD-10408,CUST-1222,1884.99,2,4,False
ORD-10409,CUST-1047,2658.38,4,4,True
ORD-10410,CUST-1399,3403.06,1,1,True
ORD-10411,CUST-1474,2327.07,3,4,True
ORD-10412,CUST-1444,2205.13,4,3,True
ORD-10413,CUST-1374,2280.98,2,3,True
ORD-10414,CUST-1201,2592.36,5,1,False
ORD-10415,CUST-1438,2013.02,4,4,False
ORD-10416,CUST-1244,2152.45,6,5,True
ORD-10417,CUST-1068,2606.89,2,4,True
ORD-10418,CUST-1425,2102.86,1,4,True
ORD-10419,CUST-1160,1707.86,4,5,True
ORD-10420,CUST-1469,1356.91,2,4,True
ORD-10421,CUST-1184,2437.13,5,5,True
ORD-10422,CUST-1434,3340.85,1,4,False
ORD-10423,CUST-1268,2695.81,5,4,False
ORD-10424,CUST-1233,1726.46,7,1,False
ORD-10425,CUST-1148,1938.68,1,1,False
ORD-10426,CUST-1417,2200.55,3,5,True
ORD-10427,CUST-1030,3895.81,6,5,True
ORD-10428,CUST-1234,3959.53,4,5,True
ORD-10429,CUST-1184,3817.95,2,5,True
ORD-10430,CUST-1271,2506.37,2,1,True
ORD-10431,CUST-1127,5291.96,6,5,False
ORD-10432,CUST-1332,1965.63,7,4,True
ORD-10433,CUST-1192,2177.87,3,5,True
ORD-10434,CUST-1094,3089.13,4,1,True
ORD-10435,CUST-1098,2610.74,6,4,False
ORD-10436,CUST-1348,2652.56,2,5,True
ORD-10437,CUST-1130,1322.38,2,5,True
ORD-10438,CUST-1153,1807.03,6,4,True
ORD-10439,CUST-1313,2376.45,2,4,False
ORD-10440,CUST-1164,1973.81,6,4,False
ORD-10441,CUST-1194,1612.36,4,5,True
ORD-10442,CUST-1122,2039.17,7,4,False
ORD-10443,CUST-1172,2610.95,1,4,True
ORD-10444,CUST-1346,2943.6,7,4,False
ORD-10445,CUST-1266,1343.0,2,4,True
ORD-10446,CUST-1498,2407.63,1,4,True
ORD-10447,CUST-1385,2346.26,6,4,False
ORD-10448,CUST-1008,2572.9,4,5,True
ORD-10449,CUST-1189,1735.55,6,5,True
ORD-10450,CUST-1144,1745.28,1,5,False
ORD-10451,CUST-1293,3366.91,1,4,False
ORD-10452,CUST-1132,1081.36,4,4,True
ORD-10453,CUST-1483,1891.93,7,5,True
ORD-10454,CUST-1149,2148.42,3,5,False
ORD-10455,CUST-1260,2209.85,6,4,True
ORD-10456,CUST-1061,1984.24,7,4,False
ORD-10457,CUST-1454,2757.04,7,5,True
ORD-10458,CUST-1455,2691.24,4,4,False
ORD-10459,CUST-1396,2316.98,5,5,True
ORD-10460,CUST-1175,2016.55,4,3,True
ORD-10461,CUST-1029,2265.71,5,4,True
ORD-10462,CUST-1355,2463.94,4,4,True
ORD-10463,CUST-1214,1939.35,4,1,False
ORD-10464,CUST-1495,2814.48,4,5,False
ORD-10465,CUST-1349,3152.79,5,4,True
ORD-10466,CUST-1269,3532.14,6,2,True
ORD-10467,CUST-1493,3468.59,7,5,True
ORD-10468,CUST-1400,2205.9,5,5,True
ORD-10469,CUST-1229,2498.12,1,5,True
ORD-10470,CUST-1009,2304.61,5,4,False
ORD-10471,CUST-1046,2302.26,3,5,False
ORD-10472,CUST-1221,2261.25,1,4,True
ORD-10473,CUST-1281,2420.11,1,4,True
ORD-10474,CUST-1015,3299.7,5,1,True
ORD-10475,CUST-1063,2633.07,7,4,True
ORD-10476,CUST-1352,1713.93,4,5,True
ORD-10477,CUST-1375,3114.63,4,4,True
ORD-10478,CUST-1014,2563.01,1,4,True
ORD-10479,CUST-1253,2765.89,5,5,True
ORD-10480,CUST-1040,2618.48,1,4,False
ORD-10481,CUST-1361,2652.02,6,3,True
ORD-10482,CUST-1417,2686.26,6,5,True
ORD-10483,CUST-1434,1422.08,7,5,True
ORD-10484,CUST-1299,2756.04,2,5,False
ORD-10485,CUST-1314,1962.76,2,5,True
ORD-10486,CUST-1463,2101.13,3,5,True
ORD-10487,CUST-1306,2414.7,6,5,True
ORD-10488,CUST-1223,3692.93,2,4,True
ORD-10489,CUST-1377,1795.65,7,3,True
ORD-10490,CUST-1295,2391.84,2,4,False
ORD-10491,CUST-1421,2245.93,1,5,True
ORD-10492,CUST-1262,3101.79,2,4,True
ORD-10493,CUST-1434,2228.49,6,5,True
ORD-10494,CUST-1022,2571.17,5,2,False
ORD-10495,CUST-1018,1797.12,3,4,False
ORD-10496,CUST-1049,3249.13,5,4,False
ORD-10497,CUST-1278,1573.84,5,4,True
ORD-10498,CUST-1354,2745.52,4,2,False
ORD-10499,CUST-1108,2575.69,4,3,False
ORD-10500,CUST-1077,2680.05,1,5,True
ORD-10501,CUST-1430,1580.29,2,4,True
ORD-10502,CUST-1375,2215.72,4,1,False
ORD-10503,CUST-1324,3058.71,1,1,True
ORD-10504,CUST-1244,3855.66,4,4,False
ORD-10505,CUST-1210,2342.04,1,3,True
ORD-10506,CUST-1010,2976.78,6,5,True
ORD-10507,CUST-1094,2506.16,1,5,True
ORD-10508,CUST-1448,2375.86,1,3,False
ORD-10509,CUST-1169,2144.59,5,4,False
ORD-10510,CUST-1352,2418.05,2,3,True
ORD-10511,CUST-1351,2901.69,3,4,True
ORD-10512,CUST-1154,2968.51,3,5,True
ORD-10513,CUST-1102,1668.85,2,4,True
ORD-10514,CUST-1345,2090.78,6,5,False
ORD-10515,CUST-1046,1771.89,5,3,True
ORD-10516,CUST-1247,2451.71,2,4,True
ORD-10517,CUST-1444,2193.8,5,4,True
ORD-10518,CUST-1355,2654.95,5,4,False
ORD-10519,CUST-1382,2706.0,4,5,True
ORD-10520,CUST-1041,1245.98,5,2,False
ORD-10521,CUST-1099,1214.6,7,5,True
ORD-10522,CUST-1137,2412.85,4,5,True
ORD-10523,CUST-1146,3318.45,3,4,False
ORD-10524,CUST-1097,2091.01,4,4,True
ORD-10525,CUST-1486,2074.01,6,4,False
ORD-10526,CUST-1082,3151.76,5,4,True
ORD-10527,CUST-1354,3007.29,1,5,False
ORD-10528,CUST-1293,1822.35,4,4,False
ORD-10529,CUST-1305,2923.67,6,5,False
ORD-10530,CUST-1107,1933.14,2,4,True
ORD-10531,CUST-1153,2068.03,7,4,False
ORD-10532,CUST-1303,1821.88,6,5,False
ORD-10533,CUST-1149,1665.16,6,4,True
ORD-10534,CUST-1347,2491.45,1,5,True
ORD-10535,CUST-1019,1594.16,5,3,False
ORD-10536,CUST-1036,2519.5,4,5,True
ORD-10537,CUST-1364,2497.51,5,5,False
ORD-10538,CUST-1308,2312.85,6,5,False
ORD-10539,CUST-1021,2118.28,3,4,True
ORD-10540,CUST-1449,2003.2,4,5,True
ORD-10541,CUST-1002,1757.02,5,4,True
ORD-10542,CUST-1477,3539.89,6,5,True
ORD-10543,CUST-1364,2284.39,6,3,False
ORD-10544,CUST-1494,2263.19,3,4,True
ORD-10545,CUST-1474,1846.1,7,4,True
ORD-10546,CUST-1156,3430.24,1,4,False
ORD-10547,CUST-1378,2038.13,4,4,True
ORD-10548,CUST-1105,2585.84,5,5,False
ORD-10549,CUST-1235,2722.76,1,3,True
ORD-10550,CUST-1120,2491.97,4,5,True
ORD-10551,CUST-1243,1583.45,5,2,True
ORD-10552,CUST-1436,2888.76,5,5,False
ORD-10553,CUST-1218,2032.36,1,5,False
ORD-10554,CUST-1046,2998.83,2,4,False
ORD-10555,CUST-1162,1996.19,2,5,False
ORD-10556,CUST-1393,2370.61,5,5,False
ORD-10557,CUST-1260,2768.71,3,5,False
ORD-10558,CUST-1280,3364.38,5,4,True
ORD-10559,CUST-1215,2858.83,6,4,False
ORD-10560,CUST-1146,2787.48,6,5,False
ORD-10561,CUST-1299,2925.34,2,4,False
ORD-10562,CUST-1316,1914.25,7,5,True
ORD-10563,CUST-1449,3034.6,2,4,True
ORD-10564,CUST-1308,2235.67,1,5,False
ORD-10565,CUST-1497,2255.93,1,2,True
ORD-10566,CUST-1413,2470.2,2,1,True
ORD-10567,CUST-1039,2178.23,7,5,False
ORD-10568,CUST-1196,1803.32,2,5,True
ORD-10569,CUST-1192,2418.13,5,5,True
ORD-10570,CUST-1001,2258.93,3,5,True
ORD-10571,CUST-1090,2236.65,1,4,True
ORD-10572,CUST-1381,2349.58,4,4,True
ORD-10573,CUST-1176,1250.59,1,3,False
ORD-10574,CUST-1073,2241.24,4,4,False
ORD-10575,CUST-1143,3484.46,4,3,False
ORD-10576,CUST-1137,3404.01,4,5,False
ORD-10577,CUST-1087,2441.45,2,1,True
ORD-10578,CUST-1050,2418.59,6,3,False
ORD-10579,CUST-1382,1155.56,5,3,True
ORD-10580,CUST-1412,2064.65,2,3,True
ORD-10581,CUST-1248,2917.13,4,3,False
ORD-10582,CUST-1307,2163.66,1,4,False
ORD-10583,CUST-1459,3187.72,7,4,True
ORD-10584,CUST-1421,3132.71,6,4,False
ORD-10585,CUST-1016,2053.44,3,5,True
ORD-10586,CUST-1476,2492.13,5,4,True
ORD-10587,CUST-1033,3564.39,5,4,True
ORD-10588,CUST-1013,1573.41,5,4,True
ORD-10589,CUST-1201,2176.96,1,3,True
ORD-10590,CUST-1372,1527.99,7,4,True
ORD-10591,CUST-1040,1875.88,7,5,True
ORD-10592,CUST-1146,3862.52,7,4,True
ORD-10593,CUST-1131,2176.76,7,3,False
ORD-10594,CUST-1198,1335.56,7,4,True
ORD-10595,CUST-1493,1798.16,6,5,False
ORD-10596,CUST-1165,1481.85,1,4,True
ORD-10597,CUST-1104,2518.65,4,4,True
ORD-10598,CUST-1061,2711.62,2,5,False
ORD-10599,CUST-1099,3046.08,2,4,True
ORD-10600,CUST-1066,2873.15,6,4,True
ORD-10601,CUST-1286,1594.64,6,3,True
ORD-10602,CUST-1210,2673.48,4,2,True
ORD-10603,CUST-1248,2321.26,6,5,True
ORD-10604,CUST-1416,3169.17,1,4,True
ORD-10605,CUST-1290,2963.72,2,4,True
ORD-10606,CUST-1077,4012.23,7,4,False
ORD-10607,CUST-1188,1838.34,4,2,True
ORD-10608,CUST-1156,1764.57,4,5,True
ORD-10609,CUST-1413,2099.79,4,3,False
ORD-10610,CUST-1153,2346.94,2,5,True
ORD-10611,CUST-1069,1985.32,6,4,True
ORD-10612,CUST-1368,1865.16,6,3,True
ORD-10613,CUST-1214,2624.34,5,1,True
ORD-10614,CUST-1047,2098.0,3,5,True
ORD-10615,CUST-1344,1961.9,5,3,True
ORD-10616,CUST-1105,1593.8,7,2,True
ORD-10617,CUST-1434,1184.89,5,5,False
ORD-10618,CUST-1416,3435.36,4,4,False
ORD-10619,CUST-1184,3405.82,2,4,True
ORD-10620,CUST-1277,2989.11,4,3,True
ORD-10621,CUST-1283,2790.7,3,5,True
ORD-10622,CUST-1326,2044.18,5,4,False
ORD-10623,CUST-1034,2822.48,1,3,False
ORD-10624,CUST-1162,1729.19,2,4,True
ORD-10625,CUST-1085,2475.4,6,3,True
ORD-10626,CUST-1348,1915.46,3,4,True
ORD-10627,CUST-1034,2825.77,4,2,False
ORD-10628,CUST-1258,3634.5,4,3,False
ORD-10629,CUST-1363,1796.23,4,4,True
ORD-10630,CUST-1474,2072.13,6,5,True
ORD-10631,CUST-1144,2462.61,2,2,True
ORD-10632,CUST-1003,1382.17,6,3,False
ORD-10633,CUST-1361,1502.01,2,5,False
ORD-10634,CUST-1000,3603.22,3,5,True
ORD-10635,CUST-1033,2627.55,5,4,True
ORD-10636,CUST-1495,2012.76,7,3,True
ORD-10637,CUST-1431,2389.86,2,4,True
ORD-10638,CUST-1353,2102.25,5,3,False
ORD-10639,CUST-1417,2482.96,1,2,True
ORD-10640,CUST-1037,2124.09,1,4,False
ORD-10641,CUST-1044,2338.2,6,4,True
ORD-10642,CUST-1150,2895.54,6,4,True
ORD-10643,CUST-1011,2843.21,3,4,True
ORD-10644,CUST-1444,3543.59,5,4,True
ORD-10645,CUST-1028,2679.08,3,4,True
ORD-10646,CUST-1272,2431.95,2,5,False
ORD-10647,CUST-1426,3695.82,4,5,True
ORD-10648,CUST-1367,2270.54,3,4,True
ORD-10649,CUST-1117,1218.74,6,4,True
ORD-10650,CUST-1235,2999.55,3,3,True
ORD-10651,CUST-1274,2590.62,3,2,False
ORD-10652,CUST-1383,2400.22,4,5,False
ORD-10653,CUST-1213,3021.91,6,3,True
ORD-10654,CUST-1142,2129.16,2,4,False
ORD-10655,CUST-1397,1236.7,7,4,False
ORD-10656,CUST-1443,3038.77,4,3,False
ORD-10657,CUST-1244,1992.97,5,2,True
ORD-10658,CUST-1014,1816.4,7,4,True
ORD-10659,CUST-1250,1256.32,4,5,True
ORD-10660,CUST-1444,2966.64,2,4,False
ORD-10661,CUST-1494,1089.75,6,4,False
ORD-10662,CUST-1200,3356.69,1,1,True
ORD-10663,CUST-1075,2186.98,4,4,True
ORD-10664,CUST-1286,3006.42,7,2,False
ORD-10665,CUST-1415,2701.69,3,4,False
ORD-10666,CUST-1472,3894.72,5,5,True
ORD-10667,CUST-1025,2681.26,4,4,False
ORD-10668,CUST-1145,3320.79,2,4,True
ORD-10669,CUST-1238,2053.88,3,1,True
ORD-10670,CUST-1049,1500.28,4,1,True
ORD-10671,CUST-1443,3136.6,1,4,False
ORD-10672,CUST-1056,1487.42,3,5,False
ORD-10673,CUST-1332,2957.41,3,3,True
ORD-10674,CUST-1459,1755.48,6,4,True
ORD-10675,CUST-1342,2604.66,1,4,True
ORD-10676,CUST-1381,3916.55,6,2,True
ORD-10677,CUST-1131,2892.32,3,3,True
ORD-10678,CUST-1413,2273.3,5,4,True
ORD-10679,CUST-1209,2719.22,4,4,True
ORD-10680,CUST-1030,2074.75,3,4,True
ORD-10681,CUST-1183,4355.23,7,5,True
ORD-10682,CUST-1174,1950.82,2,5,False
ORD-10683,CUST-1260,2342.44,1,5,True
ORD-10684,CUST-1132,2819.53,6,5,True
ORD-10685,CUST-1231,2664.21,5,5,False
ORD-10686,CUST-1213,2747.6,7,5,True
ORD-10687,CUST-1163,2086.84,4,5,True
ORD-10688,CUST-1348,2247.14,1,5,True
ORD-10689,CUST-1152,3095.32,1,5,True
ORD-10690,CUST-1382,3051.9,4,5,True
ORD-10691,CUST-1125,2681.92,2,4,True
ORD-10692,CUST-1432,3438.52,7,4,True
ORD-10693,CUST-1182,3130.22,1,4,True
ORD-10694,CUST-1020,3025.81,7,5,True
ORD-10695,CUST-1074,1479.36,2,4,True
ORD-10696,CUST-1403,2672.87,1,5,True
ORD-10697,CUST-1436,2538.75,2,5,True
ORD-10698,CUST-1105,3564.97,2,5,False
ORD-10699,CUST-1301,942.21,3,3,True
ORD-10700,CUST-1287,2305.6,3,5,True
ORD-10701,CUST-1066,2480.72,4,5,True
ORD-10702,CUST-1225,1748.99,4,5,True
ORD-10703,CUST-1346,1844.43,1,5,False
ORD-10704,CUST-1483,3568.31,1,4,True
ORD-10705,CUST-1423,2744.66,2,4,True
ORD-10706,CUST-1048,3919.2,2,3,False
ORD-10707,CUST-1118,2293.84,1,5,False
ORD-10708,CUST-1218,1577.44,3,3,False
ORD-10709,CUST-1075,2202.01,4,5,True
ORD-10710,CUST-1285,2096.4,3,5,True
ORD-10711,CUST-1004,2920.66,3,4,True
ORD-10712,CUST-1056,2887.61,4,3,True
ORD-10713,CUST-1023,2782.64,4,3,True
ORD-10714,CUST-1147,4274.91,3,5,False
ORD-10715,CUST-1381,3380.52,2,4,True
ORD-10716,CUST-1088,1880.88,3,2,True
ORD-10717,CUST-1493,3159.37,1,5,True
ORD-10718,CUST-1134,2435.14,4,3,True
ORD-10719,CUST-1022,2276.18,7,5,True
ORD-10720,CUST-1167,3501.42,3,4,False
ORD-10721,CUST-1374,1846.92,1,3,True
ORD-10722,CUST-1053,3099.21,5,2,True
ORD-10723,CUST-1035,2960.12,1,4,True
ORD-10724,CUST-1424,1836.95,2,4,True
ORD-10725,CUST-1296,1464.59,2,5,True
ORD-10726,CUST-1171,2359.62,7,4,False
ORD-10727,CUST-1378,910.38,7,4,True
ORD-10728,CUST-1422,3262.56,4,3,True
ORD-10729,CUST-1179,2670.0,5,3,False
ORD-10730,CUST-1280,3534.25,5,5,True
ORD-10731,CUST-1005,2618.97,5,3,False
ORD-10732,CUST-1153,3602.91,4,5,True
ORD-10733,CUST-1297,2034.1,7,4,True
ORD-10734,CUST-1098,2780.17,6,2,False
ORD-10735,CUST-1495,2156.7,1,3,True
ORD-10736,CUST-1485,2339.06,3,2,True
ORD-10737,CUST-1128,2478.34,7,5,True
ORD-10738,CUST-1198,2667.62,3,4,False
ORD-10739,CUST-1094,1955.36,2,4,True
ORD-10740,CUST-1251,2742.8,7,4,True
ORD-10741,CUST-1061,2443.53,5,4,False
ORD-10742,CUST-1195,1602.98,4,5,False
ORD-10743,CUST-1277,1401.06,3,5,True
ORD-10744,CUST-1305,3266.06,1,4,True
ORD-10745,CUST-1298,1180.39,3,5,True
ORD-10746,CUST-1110,2306.82,4,5,True
ORD-10747,CUST-1396,1553.31,7,4,True
ORD-10748,CUST-1345,3773.92,3,5,True
ORD-10749,CUST-1376,2820.31,2,2,True
ORD-10750,CUST-1233,2647.75,3,5,True
ORD-10751,CUST-1446,1905.58,7,5,False
ORD-10752,CUST-1194,1596.38,4,2,True
ORD-10753,CUST-1402,2539.79,3,5,False
ORD-10754,CUST-1101,2400.59,5,5,False
ORD-10755,CUST-1123,1757.17,5,3,True
ORD-10756,CUST-1263,1739.44,3,4,False
ORD-10757,CUST-1277,1714.35,7,5,False
ORD-10758,CUST-1373,1697.39,5,5,True
ORD-10759,CUST-1148,2015.11,1,2,False
ORD-10760,CUST-1436,2648.0,3,4,True
ORD-10761,CUST-1164,2771.82,7,4,False
ORD-10762,CUST-1267,2386.75,3,3,True
ORD-10763,CUST-1465,2507.27,4,4,True
ORD-10764,CUST-1269,2808.86,5,1,True
ORD-10765,CUST-1340,1295.0,5,3,False
ORD-10766,CUST-1454,2562.07,7,4,True
ORD-10767,CUST-1487,3424.23,2,4,True
ORD-10768,CUST-1249,985.53,4,4,True
ORD-10769,CUST-1208,2289.97,4,5,True
ORD-10770,CUST-1098,3227.77,2,4,False
ORD-10771,CUST-1268,2301.81,5,3,False
ORD-10772,CUST-1459,2861.26,1,1,True
ORD-10773,CUST-1243,2632.9,4,3,True
ORD-10774,CUST-1174,1706.37,3,4,True
ORD-10775,CUST-1053,1819.73,2,3,True
ORD-10776,CUST-1194,3602.85,6,1,False
ORD-10777,CUST-1118,3034.36,2,3,False
ORD-10778,CUST-1488,2345.23,2,4,True
ORD-10779,CUST-1263,2258.39,6,4,True
ORD-10780,CUST-1068,1909.22,7,5,True
ORD-10781,CUST-1033,2695.5,1,5,True
ORD-10782,CUST-1425,1955.52,2,4,True
ORD-10783,CUST-1465,2175.56,5,3,False
ORD-10784,CUST-1381,2012.83,6,4,True
ORD-10785,CUST-1061,2980.47,7,2,False
ORD-10786,CUST-1049,2318.06,4,4,True
ORD-10787,CUST-1098,2512.56,1,4,True
ORD-10788,CUST-1375,1716.11,7,4,True
ORD-10789,CUST-1382,2008.95,2,3,True
ORD-10790,CUST-1418,2528.07,1,4,True
ORD-10791,CUST-1048,1488.31,5,5,True
ORD-10792,CUST-1076,2269.3,5,5,False
ORD-10793,CUST-1450,2407.21,1,4,True
ORD-10794,CUST-1464,1654.22,2,4,False
ORD-10795,CUST-1362,3186.56,5,1,False
ORD-10796,CUST-1053,2659.19,2,5,True
ORD-10797,CUST-1034,2313.28,5,4,True
ORD-10798,CUST-1027,1968.13,3,3,True
ORD-10799,CUST-1345,1471.7,5,4,True
ORD-10800,CUST-1422,3116.62,4,5,False
ORD-10801,CUST-1315,2118.86,3,4,False
ORD-10802,CUST-1131,1577.36,3,4,True
ORD-10803,CUST-1378,1952.42,5,4,True
ORD-10804,CUST-1029,2737.5,4,4,False
ORD-10805,CUST-1414,2582.17,5,4,False
ORD-10806,CUST-1445,1759.43,5,4,True
ORD-10807,CUST-1359,3272.43,2,4,False
ORD-10808,CUST-1439,1571.32,7,4,True
ORD-10809,CUST-1293,3464.0,4,1,True
ORD-10810,CUST-1234,2551.44,6,5,True
ORD-10811,CUST-1161,2163.94,7,4,True
ORD-10812,CUST-1460,2248.17,7,4,False
ORD-10813,CUST-1348,2469.93,5,4,True
ORD-10814,CUST-1095,2796.83,6,4,True
ORD-10815,CUST-1478,1396.63,4,4,True
ORD-10816,CUST-1029,1934.39,6,5,True
ORD-10817,CUST-1293,2447.85,3,4,True
ORD-10818,CUST-1095,3308.26,5,5,True
ORD-10819,CUST-1332,3271.9,1,5,False
ORD-10820,CUST-1206,3669.1,7,3,True
ORD-10821,CUST-1218,3226.91,2,4,False
ORD-10822,CUST-1335,1893.24,5,4,True
ORD-10823,CUST-1378,2404.42,1,3,False
ORD-10824,CUST-1190,3232.43,2,4,False
ORD-10825,CUST-1498,3141.75,7,4,True
ORD-10826,CUST-1249,2279.86,6,4,True
ORD-10827,CUST-1080,2775.05,2,3,False
ORD-10828,CUST-1003,2115.54,1,5,True
ORD-10829,CUST-1101,1535.64,6,4,True
ORD-10830,CUST-1345,2335.75,7,5,True
ORD-10831,CUST-1269,2296.37,2,2,True
ORD-10832,CUST-1168,2087.15,5,4,True
ORD-10833,CUST-1240,2799.96,2,1,False
ORD-10834,CUST-1419,2258.53,6,4,True
ORD-10835,CUST-1285,2690.35,3,4,False
ORD-10836,CUST-1029,2965.03,1,5,False
ORD-10837,CUST-1024,4433.47,3,4,True
ORD-10838,CUST-1241,2346.76,4,4,True
ORD-10839,CUST-1202,3321.61,6,3,True
ORD-10840,CUST-1425,2571.77,1,4,True
ORD-10841,CUST-1291,2613.16,7,4,True
ORD-10842,CUST-1378,2355.69,5,4,True
ORD-10843,CUST-1292,2509.21,7,3,True
ORD-10844,CUST-1172,2264.41,7,2,False
ORD-10845,CUST-1328,3153.71,2,2,True
ORD-10846,CUST-1310,1954.53,1,5,True
ORD-10847,CUST-1360,1531.33,6,4,True
ORD-10848,CUST-1094,2067.93,2,1,True
ORD-10849,CUST-1320,2006.13,2,5,False
ORD-10850,CUST-1142,2067.62,4,1,True
ORD-10851,CUST-1395,2320.99,7,4,True
ORD-10852,CUST-1399,2069.78,6,5,True
ORD-10853,CUST-1312,2311.81,4,5,True
ORD-10854,CUST-1473,2071.58,2,5,True
ORD-10855,CUST-1268,2706.29,3,4,True
ORD-10856,CUST-1012,4420.88,5,5,False
ORD-10857,CUST-1303,2557.36,2,1,False
ORD-10858,CUST-1388,2095.32,4,5,True
ORD-10859,CUST-1050,1153.16,1,5,False
ORD-10860,CUST-1052,3957.49,3,5,True
ORD-10861,CUST-1136,2597.3,2,3,False
ORD-10862,CUST-1422,2306.06,5,3,True
ORD-10863,CUST-1263,1173.93,7,4,True
ORD-10864,CUST-1488,2339.75,2,4,True
ORD-10865,CUST-1436,2503.26,6,4,True
ORD-10866,CUST-1277,2073.7,5,5,False
ORD-10867,CUST-1339,1614.34,7,4,True
ORD-10868,CUST-1165,1583.67,7,4,True
ORD-10869,CUST-1045,3976.49,1,4,True
ORD-10870,CUST-1199,2483.09,6,3,False
ORD-10871,CUST-1296,2073.18,5,3,False
ORD-10872,CUST-1091,2441.65,1,3,True
ORD-10873,CUST-1110,2395.07,2,5,True
ORD-10874,CUST-1007,1561.01,7,5,True
ORD-10875,CUST-1367,3093.97,4,4,False
ORD-10876,CUST-1449,2289.2,3,4,False
ORD-10877,CUST-1413,2492.64,3,4,True
ORD-10878,CUST-1189,3568.31,6,5,False
ORD-10879,CUST-1296,1628.21,2,5,True
ORD-10880,CUST-1480,1925.91,2,4,False
ORD-10881,CUST-1295,2636.1,5,5,True
ORD-10882,CUST-1147,3076.52,7,4,True
ORD-10883,CUST-1169,2018.52,2,4,True
ORD-10884,CUST-1363,2050.9,2,5,True
ORD-10885,CUST-1223,2870.04,4,4,False
ORD-10886,CUST-1418,4312.8,2,4,True
ORD-10887,CUST-1432,2464.28,5,4,False
ORD-10888,CUST-1017,1924.18,2,4,False
ORD-10889,CUST-1361,1765.19,1,4,False
ORD-10890,CUST-1184,2319.07,2,4,False
ORD-10891,CUST-1259,3036.11,7,4,True
ORD-10892,CUST-1132,4879.02,7,3,True
ORD-10893,CUST-1184,2210.34,4,5,True
ORD-10894,CUST-1165,2465.39,3,4,True
ORD-10895,CUST-1025,3774.14,6,5,False
ORD-10896,CUST-1391,2623.91,2,3,True
ORD-10897,CUST-1071,2562.34,5,4,True
ORD-10898,CUST-1187,3555.04,5,4,True
ORD-10899,CUST-1096,2481.59,5,5,True
ORD-10900,CUST-1080,1806.24,2,3,False
ORD-10901,CUST-1186,3339.74,6,5,True
ORD-10902,CUST-1459,1485.88,5,4,False
ORD-10903,CUST-1472,3175.71,7,4,True
ORD-10904,CUST-1190,2410.63,2,4,False
ORD-10905,CUST-1252,2216.91,5,1,True
ORD-10906,CUST-1492,2200.91,6,4,True
ORD-10907,CUST-1117,2316.56,2,3,True
ORD-10908,CUST-1472,2126.68,6,4,True
ORD-10909,CUST-1052,2730.04,1,4,False
ORD-10910,CUST-1112,2147.62,6,4,True
ORD-10911,CUST-1169,1329.71,5,2,True
ORD-10912,CUST-1018,2415.62,2,2,False
ORD-10913,CUST-1407,3131.15,1,3,True
ORD-10914,CUST-1427,1305.65,6,3,True
ORD-10915,CUST-1191,2411.16,2,4,False
ORD-10916,CUST-1418,2114.75,4,3,True
ORD-10917,CUST-1386,3108.46,1,5,False
ORD-10918,CUST-1400,2242.69,7,3,True
ORD-10919,CUST-1401,2978.67,4,2,False
ORD-10920,CUST-1286,2882.1,7,5,False
ORD-10921,CUST-1055,2904.55,2,4,False
ORD-10922,CUST-1461,3640.71,2,4,True
ORD-10923,CUST-1304,2265.04,5,5,False
ORD-10924,CUST-1450,2455.32,5,5,True
ORD-10925,CUST-1479,2709.52,6,5,False
ORD-10926,CUST-1093,2476.41,7,2,True
ORD-10927,CUST-1201,2244.07,6,4,True
ORD-10928,CUST-1096,1853.05,1,5,False
ORD-10929,CUST-1025,2423.5,3,5,True
ORD-10930,CUST-1483,1532.99,7,2,True
ORD-10931,CUST-1461,1276.99,4,4,False
ORD-10932,CUST-1465,1731.62,7,4,True
ORD-10933,CUST-1441,2895.0,4,2,True
ORD-10934,CUST-1324,2576.97,1,4,True
ORD-10935,CUST-1261,2903.26,4,3,True
ORD-10936,CUST-1495,1974.75,6,4,True
ORD-10937,CUST-1276,3198.83,5,2,True
ORD-10938,CUST-1321,1584.04,1,4,True
ORD-10939,CUST-1105,1750.07,2,3,True
ORD-10940,CUST-1373,3182.73,6,4,True
ORD-10941,CUST-1409,2524.68,7,3,True
ORD-10942,CUST-1339,2908.2,6,5,True
ORD-10943,CUST-1249,2580.02,1,3,True
ORD-10944,CUST-1098,2053.24,5,4,True
ORD-10945,CUST-1016,1690.47,6,3,False
ORD-10946,CUST-1313,1372.47,5,2,True
ORD-10947,CUST-1341,3869.21,5,3,True
ORD-10948,CUST-1386,1469.17,4,2,True
ORD-10949,CUST-1475,3519.7,2,3,True
ORD-10950,CUST-1248,2485.76,2,4,False
ORD-10951,CUST-1414,2602.26,6,4,False
ORD-10952,CUST-1358,2554.53,1,2,False
ORD-10953,CUST-1138,2804.89,1,4,True
ORD-10954,CUST-1422,1920.92,3,4,True
ORD-10955,CUST-1026,1225.05,6,3,True
ORD-10956,CUST-1299,2041.17,5,4,True
ORD-10957,CUST-1470,2737.85,5,2,True
ORD-10958,CUST-1329,1754.95,4,3,True
ORD-10959,CUST-1468,3221.52,1,4,True
ORD-10960,CUST-1028,2328.53,3,5,False
ORD-10961,CUST-1266,1708.49,1,5,True
ORD-10962,CUST-1390,2517.74,6,5,True
ORD-10963,CUST-1321,2724.87,6,4,False
ORD-10964,CUST-1440,2780.11,2,2,False
ORD-10965,CUST-1231,924.11,3,4,True
ORD-10966,CUST-1341,878.08,3,3,True
ORD-10967,CUST-1209,3183.75,7,1,True
ORD-10968,CUST-1436,1548.72,4,2,True
ORD-10969,CUST-1059,3185.02,6,4,True
ORD-10970,CUST-1127,3269.35,4,4,True
ORD-10971,CUST-1048,1691.53,5,3,True
ORD-10972,CUST-1351,1787.34,4,5,True
ORD-10973,CUST-1116,2949.94,2,4,False
ORD-10974,CUST-1158,2151.44,7,5,False
ORD-10975,CUST-1418,3408.35,5,3,True
ORD-10976,CUST-1180,3681.51,6,4,True
ORD-10977,CUST-1072,1707.94,7,3,True
ORD-10978,CUST-1010,1910.16,2,4,False
ORD-10979,CUST-1113,2481.17,1,3,False
ORD-10980,CUST-1457,1214.53,5,3,False
ORD-10981,CUST-1274,1384.44,3,4,True
ORD-10982,CUST-1497,1848.25,4,3,True
ORD-10983,CUST-1107,4051.02,2,3,True
ORD-10984,CUST-1175,2587.0,3,5,True
ORD-10985,CUST-1081,1997.44,3,1,False
ORD-10986,CUST-1199,1783.28,3,4,True
ORD-10987,CUST-1281,1686.0,6,4,True
ORD-10988,CUST-1404,2038.46,5,3,True
ORD-10989,CUST-1184,2005.53,4,4,True
ORD-10990,CUST-1385,2258.74,1,2,True
ORD-10991,CUST-1313,2761.66,4,5,True
ORD-10992,CUST-1145,2356.16,2,3,False
ORD-10993,CUST-1456,3000.1,3,3,False
ORD-10994,CUST-1217,2213.1,3,4,False
ORD-10995,CUST-1075,3765.43,1,5,True
ORD-10996,CUST-1481,2979.15,3,5,True
ORD-10997,CUST-1456,2567.02,2,5,True
ORD-10998,CUST-1024,2764.33,6,4,True
ORD-10999,CUST-1451,2054.07,7,4,True
