Order_ID,Quantity,Unit_Price,Cost_Price,Discount,Revenue,Cost,Profit,Profit_Margin,Customer_Rating,Delivery_Time_Days,Marketing_Spend,Page_Views
ORD-10000,7,44.44,21.43,0.158,261.93,150.01,111.92,0.4273,2.8,8,11.32,6
ORD-10001,20,284.96,158.09,0.126,4981.1,3161.8,1819.3,0.3652,4.0,7,234.99,150
ORD-10002,29,33.64,18.44,0.044,932.64,534.76,397.88,0.4266,3.4,7,56.17,100
ORD-10003,15,297.18,166.13,0.098,4020.85,2491.95,1528.9,0.3802,3.3,7,160.1,71
ORD-10004,11,32.3,15.64,0.012,351.04,172.04,179.0,0.5099,3.7,9,30.94,49
ORD-10005,8,21.11,6.91,0.075,156.21,55.28,100.93,0.6461,3.2,5,23.82,35
ORD-10006,29,248.48,144.05,0.022,7047.39,4177.45,2869.94,0.4072,4.0,5,263.25,148
ORD-10007,21,349.08,189.52,0.235,5607.97,3979.92,1628.05,0.2903,3.2,8,259.43,143
ORD-10008,7,315.36,176.75,0.088,2013.26,1237.25,776.01,0.3854,3.3,4,80.69,42
ORD-10009,26,207.96,121.55,0.084,4952.78,3160.3,1792.48,0.3619,3.4,4,244.46,150
ORD-10010,19,322.33,178.09,0.007,6081.4,3383.71,2697.69,0.4436,3.6,4,270.19,132
ORD-10011,23,16.78,5.0,0.07,358.92,115.0,243.92,0.6796,3.5,6,12.45,62
ORD-10012,11,341.65,187.01,0.08,3457.5,2057.11,1400.39,0.405,3.3,4,148.59,82
ORD-10013,11,179.4,103.76,0.068,1839.21,1141.36,697.85,0.3794,3.9,4,102.41,52
ORD-10014,24,257.17,142.47,0.024,6023.95,3419.28,2604.67,0.4324,3.4,4,252.39,145
ORD-10015,21,289.99,153.47,0.095,5511.26,3222.87,2288.39,0.4152,2.5,8,253.12,145
ORD-10016,4,255.68,143.61,0.139,880.56,574.44,306.12,0.3476,4.5,4,44.58,46
ORD-10017,8,194.24,110.68,0.124,1361.23,885.44,475.79,0.3495,3.9,3,68.27,61
ORD-10018,24,174.67,94.29,0.154,3546.5,2262.96,1283.54,0.3619,4.6,4,171.11,135
ORD-10019,3,295.93,165.81,0.121,780.37,497.43,282.94,0.3626,3.2,6,55.27,30
ORD-10020,22,83.7,47.26,0.073,1706.98,1039.72,667.26,0.3909,3.8,7,69.4,76
ORD-10021,21,339.28,185.62,0.167,5935.03,3898.02,2037.01,0.3432,4.0,5,258.91,148
ORD-10022,2,253.17,132.78,0.008,502.29,265.56,236.73,0.4713,3.7,5,37.6,21
ORD-10023,24,81.83,50.4,0.115,1738.07,1209.6,528.47,0.3041,3.1,6,70.85,91
ORD-10024,12,261.64,147.7,0.074,2907.34,1772.4,1134.94,0.3904,3.7,4,110.44,81
ORD-10025,6,192.5,108.79,0.143,989.84,652.74,337.1,0.3406,4.2,2,25.62,53
ORD-10026,2,251.92,146.28,0.051,478.14,292.56,185.58,0.3881,3.9,6,29.71,29
ORD-10027,28,272.21,154.44,0.072,7073.1,4324.32,2748.78,0.3886,3.7,5,297.11,171
ORD-10028,21,44.24,27.76,0.035,896.52,582.96,313.56,0.3498,4.1,6,58.43,69
ORD-10029,1,184.54,90.43,0.181,151.14,90.43,60.71,0.4017,4.0,5,33.35,34
ORD-10030,12,327.22,185.96,0.062,3683.19,2231.52,1451.67,0.3941,3.5,5,156.12,91
ORD-10031,26,122.42,67.75,0.111,2829.62,1761.5,1068.12,0.3775,3.1,5,126.94,110
ORD-10032,22,213.95,119.23,0.093,4269.16,2623.06,1646.1,0.3856,3.9,4,174.39,113
ORD-10033,29,138.69,77.88,0.048,3828.95,2258.52,1570.43,0.4101,3.5,4,169.47,129
ORD-10034,12,167.18,95.82,0.027,1951.99,1149.84,802.15,0.4109,3.9,4,107.61,73
ORD-10035,25,198.78,114.94,0.298,3488.59,2873.5,615.09,0.1763,3.9,7,156.06,105
ORD-10036,17,198.89,112.56,0.069,3147.83,1913.52,1234.31,0.3921,3.7,8,158.36,112
ORD-10037,27,82.58,47.8,0.032,2158.31,1290.6,867.71,0.402,4.1,8,115.61,123
ORD-10038,27,244.33,135.54,0.085,6036.17,3659.58,2376.59,0.3937,3.2,6,278.31,159
ORD-10039,10,44.44,7.68,0.029,431.51,76.8,354.71,0.822,4.0,8,34.2,41
ORD-10040,28,61.51,32.39,0.09,1567.27,906.92,660.35,0.4213,4.4,5,69.7,101
ORD-10041,28,15.91,5.0,0.215,349.7,140.0,209.7,0.5997,3.8,3,38.31,93
ORD-10042,16,54.09,35.8,0.08,796.2,572.8,223.4,0.2806,4.3,9,41.25,59
ORD-10043,15,173.51,98.53,0.022,2545.39,1477.95,1067.44,0.4194,3.4,6,125.66,95
ORD-10044,15,218.04,117.63,0.161,2744.03,1764.45,979.58,0.357,3.7,2,114.82,68
ORD-10045,19,281.09,152.81,0.159,4491.54,2903.39,1588.15,0.3536,3.6,9,182.24,105
ORD-10046,12,50.74,25.94,0.146,519.98,311.28,208.7,0.4014,3.8,4,54.05,64
ORD-10047,23,299.99,162.94,0.042,6609.98,3747.62,2862.36,0.433,3.5,5,264.21,150
ORD-10048,20,264.9,138.47,0.178,4354.96,2769.4,1585.56,0.3641,3.7,8,204.53,115
ORD-10049,25,151.85,75.21,0.186,3090.15,1880.25,1209.9,0.3915,3.6,8,147.4,121
ORD-10050,3,327.53,180.29,0.132,45000.0,540.87,-12000.0,0.3658,3.6,3,50.53,25
ORD-10051,5,346.96,196.2,0.062,1627.24,981.0,646.24,0.3971,3.6,8,51.7,35
ORD-10052,19,83.68,43.34,0.09,1446.83,823.46,623.37,0.4309,3.9,7,95.16,96
ORD-10053,7,142.04,79.64,0.056,938.6,557.48,381.12,0.4061,3.7,3,38.52,48
ORD-10054,21,325.36,182.62,0.06,6422.61,3835.02,2587.59,0.4029,4.0,5,286.2,151
ORD-10055,9,256.73,136.23,0.164,1931.64,1226.07,705.57,0.3653,3.1,8,81.9,47
ORD-10056,7,31.11,17.01,0.223,169.21,119.07,50.14,0.2963,3.6,2,10.2,27
ORD-10057,18,276.81,148.91,0.055,4708.54,2680.38,2028.16,0.4307,4.0,8,213.37,120
ORD-10058,4,292.36,168.83,0.03,1134.36,675.32,459.04,0.4047,3.9,6,68.45,55
ORD-10059,25,266.42,154.34,0.067,6214.25,3858.5,2355.75,0.3791,2.8,7,246.39,129
ORD-10060,28,282.84,150.6,0.161,6644.48,4216.8,2427.68,0.3654,3.4,6,302.33,162
ORD-10061,14,291.42,162.21,0.046,3892.21,2270.94,1621.27,0.4165,3.6,9,167.6,107
ORD-10062,18,77.45,47.94,0.105,1247.72,862.92,384.8,0.3084,3.4,10,65.94,88
ORD-10063,26,93.96,55.92,0.139,2103.39,1453.92,649.47,0.3088,3.9,5,94.68,103
ORD-10064,9,227.31,125.43,0.131,1777.79,1128.87,648.92,0.365,3.7,6,69.57,69
ORD-10065,26,319.14,182.06,0.119,7310.22,4733.56,2576.66,0.3525,3.3,10,318.44,163
ORD-10066,21,120.93,61.99,0.062,2382.08,1301.79,1080.29,0.4535,3.8,4,114.63,82
ORD-10067,2,212.08,115.13,0.109,377.93,230.26,147.67,0.3907,4.1,5,18.04,28
ORD-10068,20,243.8,129.7,0.127,4256.75,2594.0,1662.75,0.3906,3.7,8,199.43,133
ORD-10069,28,166.4,95.43,0.063,4365.67,2672.04,1693.63,0.3879,4.2,2,190.45,150
ORD-10070,15,254.12,136.85,0.049,3625.02,2052.75,1572.27,0.4337,3.6,7,161.15,87
ORD-10071,28,316.39,173.16,0.007,8796.91,4848.48,3948.43,0.4488,3.7,4,393.52,200
ORD-10072,7,224.07,126.33,0.151,1331.65,884.31,447.34,0.3359,3.6,5,44.15,49
ORD-10073,12,195.83,111.2,0.011,2324.11,1334.4,989.71,0.4258,4.1,7,83.65,68
ORD-10074,29,161.98,84.55,0.055,4439.06,2451.95,1987.11,0.4476,4.5,1,171.62,148
ORD-10075,8,208.46,119.94,0.235,1275.78,959.52,316.26,0.2479,3.3,6,71.49,47
ORD-10076,15,134.05,76.01,0.135,1739.3,1140.15,599.15,0.3445,3.4,9,79.19,71
ORD-10077,3,146.15,74.97,0.155,370.49,224.91,145.58,0.3929,4.0,4,25.63,28
ORD-10078,14,193.17,99.6,0.101,2431.24,1394.4,1036.84,0.4265,3.8,6,98.11,83
ORD-10079,17,37.32,20.45,0.129,552.6,347.65,204.95,0.3709,3.6,8,62.08,69
ORD-10080,4,91.72,54.7,0.154,310.38,218.8,91.58,0.2951,3.5,2,57.43,47
ORD-10081,18,196.85,112.65,0.04,3401.57,2027.7,1373.87,0.4039,3.1,7,164.55,120
ORD-10082,8,159.56,89.54,0.085,1167.98,716.32,451.66,0.3867,4.0,7,39.11,37
ORD-10083,4,126.49,69.81,0.17,419.95,279.24,140.71,0.3351,4.2,6,24.49,26
ORD-10084,2,259.73,145.41,0.058,489.33,290.82,198.51,0.4057,3.2,5,46.99,39
ORD-10085,6,247.4,131.79,0.121,1304.79,790.74,514.05,0.394,3.9,3,66.5,64
ORD-10086,22,70.85,47.4,0.015,1535.32,1042.8,492.52,0.3208,3.9,8,89.95,98
ORD-10087,10,309.34,178.51,0.187,2514.93,1785.1,729.83,0.2902,2.8,5,134.31,67
ORD-10088,4,180.97,101.68,0.103,649.32,406.72,242.6,0.3736,3.4,3,69.58,43
ORD-10089,22,263.39,145.85,0.12,5099.23,3208.7,1890.53,0.3707,3.7,5,209.15,137
ORD-10090,29,207.01,111.8,0.194,4838.65,3242.2,1596.45,0.3299,3.2,7,209.77,137
ORD-10091,18,349.23,194.72,0.068,5858.68,3504.96,2353.72,0.4017,4.1,2,242.74,117
ORD-10092,26,267.06,143.43,0.04,6665.82,3729.18,2936.64,0.4406,4.3,6,251.62,147
ORD-10093,12,251.84,127.39,0.047,2880.04,1528.68,1351.36,0.4692,3.5,4,140.73,89
ORD-10094,2,275.82,138.13,0.079,508.06,276.26,231.8,0.4562,3.6,7,43.77,14
ORD-10095,10,62.95,30.63,0.085,575.99,306.3,269.69,0.4682,3.9,1,29.84,37
ORD-10096,4,83.52,46.72,0.076,308.69,186.88,121.81,0.3946,3.6,7,5.0,24
ORD-10097,14,254.21,141.48,0.054,3366.76,1980.72,1386.04,0.4117,3.5,8,143.91,99
ORD-10098,16,180.48,96.83,0.139,2486.29,1549.28,937.01,0.3769,5.0,2,125.42,91
ORD-10099,15,267.8,148.0,0.045,3836.23,2220.0,1616.23,0.4213,4.6,2,188.51,108
ORD-10100,8,49.48,25.84,0.108,353.09,206.72,146.37,0.4145,2.8,8,18.43,46
ORD-10101,14,194.72,102.1,0.018,2677.01,1429.4,1247.61,0.466,3.6,3,138.7,103
ORD-10102,23,141.91,77.78,0.102,2931.01,1788.94,1142.07,0.3897,2.8,12,141.58,125
ORD-10103,28,168.1,96.52,0.096,4254.95,2702.56,1552.39,0.3648,3.5,2,191.4,117
ORD-10104,25,217.33,114.76,0.039,5221.35,2869.0,2352.35,0.4505,3.1,6,204.45,135
ORD-10105,8,183.27,96.03,0.122,1287.29,768.24,519.05,0.4032,3.6,5,47.74,53
ORD-10106,21,195.85,102.37,0.155,3475.36,2149.77,1325.59,0.3814,3.4,5,141.55,122
ORD-10107,16,177.93,88.18,0.098,2567.89,1410.88,1157.01,0.4506,3.3,6,112.82,90
ORD-10108,13,152.0,81.2,0.105,1768.52,1055.6,712.92,0.4031,4.4,6,112.75,68
ORD-10109,18,273.58,154.04,0.199,3944.48,2772.72,1171.76,0.2971,3.4,5,162.85,97
ORD-10110,15,19.09,11.37,0.047,272.89,170.55,102.34,0.375,3.7,3,37.48,52
ORD-10111,21,215.48,117.67,0.069,4212.85,2471.07,1741.78,0.4134,3.8,8,176.54,119
ORD-10112,24,204.45,113.09,0.082,4504.44,2714.16,1790.28,0.3974,3.4,7,202.27,126
ORD-10113,26,254.92,137.76,0.159,5574.08,3581.76,1992.32,0.3574,3.1,6,237.02,116
ORD-10114,25,215.67,108.88,0.023,5267.74,2722.0,2545.74,0.4833,3.5,7,228.36,129
ORD-10115,28,291.98,164.51,0.07,7603.16,4606.28,2996.88,0.3942,4.4,7,324.67,173
ORD-10116,28,336.29,190.32,0.146,8041.37,5328.96,2712.41,0.3373,3.6,4,332.91,166
ORD-10117,28,129.75,67.72,0.109,3237.0,1896.16,1340.84,0.4142,3.2,7,150.1,113
ORD-10118,13,91.16,49.38,0.174,978.88,641.94,336.94,0.3442,3.9,4,72.66,85
ORD-10119,9,156.9,85.11,0.11,1256.77,765.99,490.78,0.3905,3.4,7,53.96,49
ORD-10120,29,111.46,63.06,0.104,2896.18,1828.74,1067.44,0.3686,4.7,6,148.64,123
ORD-10121,15,221.01,130.0,0.122,2910.7,1950.0,960.7,0.3301,3.3,6,127.45,92
ORD-10122,13,320.47,182.06,0.092,3782.83,2366.78,1416.05,0.3743,4.5,4,160.75,102
ORD-10123,1,61.6,32.0,0.12,54.21,32.0,22.21,0.4097,4.1,6,27.66,43
ORD-10124,25,48.77,29.54,0.048,1160.73,738.5,422.23,0.3638,3.7,4,56.31,106
ORD-10125,7,100.77,61.7,0.048,671.53,431.9,239.63,0.3568,3.8,5,46.65,46
ORD-10126,9,258.24,144.07,0.092,2110.34,1296.63,813.71,0.3856,3.2,7,102.8,48
ORD-10127,24,213.64,117.48,0.081,4712.04,2819.52,1892.52,0.4016,3.4,7,172.23,112
ORD-10128,1,49.24,29.31,0.042,47.17,29.31,17.86,0.3786,3.6,5,23.15,15
ORD-10129,12,322.78,174.01,0.104,3470.53,2088.12,1382.41,0.3983,3.5,9,132.2,85
ORD-10130,8,279.68,151.04,0.029,2172.55,1208.32,964.23,0.4438,3.1,7,81.43,55
ORD-10131,24,22.71,7.17,0.247,410.42,172.08,238.34,0.5807,3.6,7,36.91,66
ORD-10132,11,233.21,129.8,0.174,2118.95,1427.8,691.15,0.3262,3.5,6,107.81,53
ORD-10133,19,273.37,149.7,0.017,5105.73,2844.3,2261.43,0.4429,3.8,7,237.3,131
ORD-10134,17,140.44,73.13,0.068,2225.13,1243.21,981.92,0.4413,3.6,9,87.66,80
ORD-10135,8,38.09,20.13,0.011,301.37,161.04,140.33,0.4656,3.8,4,15.94,33
ORD-10136,3,40.9,24.84,0.119,108.1,74.52,33.58,0.3106,3.7,7,26.29,30
ORD-10137,3,49.92,37.03,0.209,118.46,111.09,7.37,0.0622,3.6,5,38.1,41
ORD-10138,1,296.55,168.16,0.067,276.68,168.16,108.52,0.3922,4.1,4,28.95,24
ORD-10139,27,320.08,164.62,0.023,8443.39,4444.74,3998.65,0.4736,3.8,6,339.57,170
ORD-10140,5,56.14,32.07,0.119,247.3,160.35,86.95,0.3516,3.8,5,47.49,56
ORD-10141,10,94.03,58.86,0.035,907.39,588.6,318.79,0.3513,3.9,3,47.36,47
ORD-10142,7,70.45,32.06,0.036,475.4,224.42,250.98,0.5279,4.1,7,30.55,37
ORD-10143,26,77.42,45.34,0.121,1769.36,1178.84,590.52,0.3337,3.8,6,64.24,88
ORD-10144,9,295.56,161.37,0.031,2577.58,1452.33,1125.25,0.4366,3.2,5,128.96,60
ORD-10145,28,126.27,75.2,0.036,3408.28,2105.6,1302.68,0.3822,3.3,9,164.12,119
ORD-10146,7,119.33,67.65,0.092,758.46,473.55,284.91,0.3756,3.6,5,34.75,26
ORD-10147,9,91.18,45.73,0.084,751.69,411.57,340.12,0.4525,3.5,8,71.34,24
ORD-10148,8,218.64,119.25,0.034,1689.65,954.0,735.65,0.4354,3.9,4,73.78,51
ORD-10149,12,142.07,77.43,0.039,1638.35,929.16,709.19,0.4329,3.6,3,89.91,78
ORD-10150,2,264.32,144.76,0.85,521.24,289.52,-8000.0,0.4446,3.8,4,39.2,17
ORD-10151,1,83.87,51.72,0.054,79.34,51.72,27.62,0.3481,4.0,1,5.0,40
ORD-10152,16,278.91,149.19,0.018,4382.23,2387.04,1995.19,0.4553,4.1,7,198.45,123
ORD-10153,23,217.25,124.5,0.071,4641.98,2863.5,1778.48,0.3831,3.4,4,207.49,130
ORD-10154,23,53.28,27.79,0.058,1154.36,639.17,515.19,0.4463,3.8,4,34.68,67
ORD-10155,24,153.86,85.74,0.035,3563.4,2057.76,1505.64,0.4225,3.3,7,180.42,108
ORD-10156,5,304.28,167.72,0.061,1428.59,838.6,589.99,0.413,4.5,5,79.02,45
ORD-10157,3,324.19,178.2,0.19,787.78,534.6,253.18,0.3214,4.2,4,65.1,38
ORD-10158,12,171.01,93.99,0.039,1972.09,1127.88,844.21,0.4281,3.4,1,68.14,58
ORD-10159,8,176.08,104.13,0.006,1400.19,833.04,567.15,0.4051,3.2,8,64.85,60
ORD-10160,22,322.68,181.69,0.136,6133.5,3997.18,2136.32,0.3483,3.9,7,278.05,163
ORD-10161,27,211.67,114.6,0.087,5217.88,3094.2,2123.68,0.407,3.5,10,200.19,142
ORD-10162,3,26.0,22.21,0.134,67.55,66.63,0.92,0.0136,4.0,3,11.99,26
ORD-10163,1,320.77,177.8,0.021,314.03,177.8,136.23,0.4338,4.1,2,33.66,19
ORD-10164,3,98.16,55.78,0.15,250.31,167.34,82.97,0.3315,3.9,7,5.0,19
ORD-10165,5,208.51,110.49,0.11,927.87,552.45,375.42,0.4046,4.1,4,32.29,36
ORD-10166,15,70.45,36.26,0.158,889.78,543.9,345.88,0.3887,3.4,7,71.32,66
ORD-10167,14,26.35,11.05,0.171,305.82,154.7,151.12,0.4941,2.9,8,28.13,60
ORD-10168,3,119.34,66.07,0.045,341.91,198.21,143.7,0.4203,3.1,5,46.33,21
ORD-10169,1,276.47,155.25,0.109,246.33,155.25,91.08,0.3697,3.7,5,27.58,13
ORD-10170,5,107.99,61.23,0.101,485.42,306.15,179.27,0.3693,3.0,5,71.26,33
ORD-10171,26,88.73,56.74,0.117,2037.06,1475.24,561.82,0.2758,4.0,3,103.06,99
ORD-10172,23,86.25,43.0,0.022,1940.11,989.0,951.11,0.4902,3.4,8,111.65,98
ORD-10173,14,187.58,103.74,0.004,2615.62,1452.36,1163.26,0.4447,4.3,8,115.93,90
ORD-10174,7,341.81,181.58,0.11,2129.48,1271.06,858.42,0.4031,3.8,6,103.34,59
ORD-10175,27,168.76,88.21,0.002,4547.41,2381.67,2165.74,0.4763,3.9,3,206.52,127
ORD-10176,9,201.7,117.26,0.153,1537.56,1055.34,482.22,0.3136,3.0,5,88.62,45
ORD-10177,15,303.31,164.5,0.038,4376.76,2467.5,1909.26,0.4362,3.0,8,189.49,100
ORD-10178,15,194.25,102.82,0.048,2773.89,1542.3,1231.59,0.444,4.1,4,126.0,94
ORD-10179,26,76.8,31.59,0.082,1833.06,821.34,1011.72,0.5519,3.4,8,95.85,118
ORD-10180,10,115.36,59.38,0.087,1053.24,593.8,459.44,0.4362,4.7,5,64.65,38
ORD-10181,28,118.83,64.33,0.099,2997.84,1801.24,1196.6,0.3992,3.5,7,119.54,120
ORD-10182,13,148.1,74.67,0.05,1829.04,970.71,858.33,0.4693,3.9,4,91.54,66
ORD-10183,19,157.97,85.57,0.203,2392.14,1625.83,766.31,0.3203,3.0,6,115.5,89
ORD-10184,7,282.93,161.96,0.041,1899.31,1133.72,765.59,0.4031,4.1,6,76.33,40
ORD-10185,17,132.04,69.09,0.094,2033.68,1174.53,859.15,0.4225,3.5,3,109.94,83
ORD-10186,20,171.86,89.81,0.04,3299.71,1796.2,1503.51,0.4556,3.9,6,153.18,95
ORD-10187,29,224.37,117.78,0.012,6428.65,3415.62,3013.03,0.4687,4.4,1,307.11,172
ORD-10188,4,141.54,72.14,0.134,490.29,288.56,201.73,0.4115,3.9,3,34.22,42
ORD-10189,5,295.25,165.07,0.141,1268.1,825.35,442.75,0.3491,4.3,6,82.77,54
ORD-10190,23,211.8,116.73,0.073,4515.79,2684.79,1831.0,0.4055,3.3,8,203.72,148
ORD-10191,7,113.5,67.21,0.069,739.68,470.47,269.21,0.364,4.3,6,73.41,55
ORD-10192,13,254.21,149.91,0.011,3268.38,1948.83,1319.55,0.4037,3.5,2,131.19,84
ORD-10193,15,191.76,96.32,0.14,2473.7,1444.8,1028.9,0.4159,3.8,7,106.52,85
ORD-10194,11,194.04,108.62,0.037,2055.47,1194.82,860.65,0.4187,3.9,3,83.18,55
ORD-10195,29,176.16,91.29,0.107,4562.02,2647.41,1914.61,0.4197,3.3,7,196.31,121
ORD-10196,4,181.5,103.77,0.153,614.92,415.08,199.84,0.325,3.3,2,22.73,35
ORD-10197,13,271.39,147.9,0.061,3312.86,1922.7,1390.16,0.4196,3.7,4,124.62,62
ORD-10198,7,49.5,27.36,0.048,329.87,191.52,138.35,0.4194,3.8,3,5.0,40
ORD-10199,27,127.01,63.44,0.122,3010.9,1712.88,1298.02,0.4311,3.7,6,102.47,116
ORD-10200,19,40.29,20.03,0.06,719.58,380.57,339.01,0.4711,4.0,5,53.63,65
ORD-10201,22,267.34,147.49,0.081,5405.08,3244.78,2160.3,0.3997,3.3,7,224.37,128
ORD-10202,28,106.22,65.2,0.049,2828.43,1825.6,1002.83,0.3546,4.4,6,109.63,113
ORD-10203,2,315.64,169.63,0.068,588.35,339.26,249.09,0.4234,3.8,2,28.65,14
ORD-10204,10,191.4,102.52,0.187,1556.08,1025.2,530.88,0.3412,3.8,6,69.32,61
ORD-10205,13,283.25,160.51,0.12,3240.38,2086.63,1153.75,0.3561,4.0,2,130.15,88
ORD-10206,25,342.94,184.32,0.058,8076.24,4608.0,3468.24,0.4294,3.8,4,362.13,167
ORD-10207,21,296.33,168.69,0.047,5930.45,3542.49,2387.96,0.4027,3.8,5,273.47,136
ORD-10208,6,305.44,167.95,0.02,1795.99,1007.7,788.29,0.4389,3.5,4,110.67,58
ORD-10209,28,151.67,84.93,0.075,3928.25,2378.04,1550.21,0.3946,3.7,3,174.82,144
ORD-10210,28,199.83,111.74,0.004,5572.86,3128.72,2444.14,0.4386,2.9,9,242.12,159
ORD-10211,12,100.05,51.95,0.12,1056.53,623.4,433.13,0.41,3.2,8,47.47,31
ORD-10212,12,80.7,46.33,0.047,922.89,555.96,366.93,0.3976,3.2,10,39.21,49
ORD-10213,20,184.35,97.53,0.158,3104.45,1950.6,1153.85,0.3717,3.8,8,139.5,107
ORD-10214,11,214.34,115.38,0.059,2218.63,1269.18,949.45,0.4279,3.7,4,113.53,64
ORD-10215,26,128.66,73.56,0.131,2906.94,1912.56,994.38,0.3421,3.5,5,149.21,111
ORD-10216,23,205.76,114.63,0.09,4306.56,2636.49,1670.07,0.3878,3.8,5,179.07,114
ORD-10217,28,312.3,171.39,0.092,7939.92,4798.92,3141.0,0.3956,3.4,10,313.81,171
ORD-10218,25,201.5,104.53,0.003,5022.39,2613.25,2409.14,0.4797,3.5,6,226.91,131
ORD-10219,7,256.47,136.01,0.133,1556.52,952.07,604.45,0.3883,3.7,7,49.99,49
ORD-10220,1,284.78,158.01,0.161,238.93,158.01,80.92,0.3387,3.4,7,23.97,11
ORD-10221,1,346.22,194.08,0.049,329.26,194.08,135.18,0.4106,3.5,5,29.51,11
ORD-10222,25,217.07,113.84,0.097,4900.36,2846.0,2054.36,0.4192,3.7,3,205.33,130
ORD-10223,27,285.29,152.71,0.064,7209.85,4123.17,3086.68,0.4281,4.0,6,280.22,176
ORD-10224,25,337.49,186.29,0.1,7593.52,4657.25,2936.27,0.3867,3.5,6,313.26,172
ORD-10225,20,331.38,182.82,0.008,6574.58,3656.4,2918.18,0.4439,3.7,8,302.62,157
ORD-10226,13,62.26,26.12,0.128,705.78,339.56,366.22,0.5189,3.2,5,52.11,61
ORD-10227,9,151.14,83.93,0.092,1235.12,755.37,479.75,0.3884,4.3,3,81.83,48
ORD-10228,3,123.54,64.96,0.115,328.0,194.88,133.12,0.4059,3.3,7,9.86,14
ORD-10229,7,44.12,32.47,0.079,284.44,227.29,57.15,0.2009,4.0,4,30.21,28
ORD-10230,6,227.14,126.17,0.083,1249.72,757.02,492.7,0.3942,4.0,1,66.31,56
ORD-10231,8,261.53,145.95,0.12,1841.17,1167.6,673.57,0.3658,3.8,6,90.26,60
ORD-10232,27,299.12,166.75,0.134,6994.02,4502.25,2491.77,0.3563,3.7,7,303.1,152
ORD-10233,9,56.13,24.8,0.077,466.27,223.2,243.07,0.5213,3.8,3,35.86,58
ORD-10234,5,308.61,179.45,0.03,1496.76,897.25,599.51,0.4005,3.1,4,57.03,36
ORD-10235,1,230.38,118.59,0.051,218.63,118.59,100.04,0.4576,4.1,6,32.94,29
ORD-10236,19,250.82,141.93,0.088,4346.21,2696.67,1649.54,0.3795,3.6,6,201.46,128
ORD-10237,10,320.06,179.13,0.167,2666.1,1791.3,874.8,0.3281,4.1,2,141.44,52
ORD-10238,12,224.3,120.98,0.074,2492.42,1451.76,1040.66,0.4175,3.8,8,135.15,85
ORD-10239,24,127.52,73.47,0.091,2781.98,1763.28,1018.7,0.3662,3.2,9,133.43,108
ORD-10240,15,291.41,158.69,0.29,3103.52,2380.35,723.17,0.233,3.9,4,122.0,60
ORD-10241,27,136.62,71.76,0.267,2703.85,1937.52,766.33,0.2834,3.5,2,100.21,96
ORD-10242,22,26.47,16.91,0.023,568.95,372.02,196.93,0.3461,3.8,7,34.35,71
ORD-10243,24,293.27,156.27,0.132,6109.4,3750.48,2358.92,0.3861,3.8,4,273.17,160
ORD-10244,9,130.64,70.73,0.123,1031.14,636.57,394.57,0.3827,3.5,6,69.07,51
ORD-10245,20,274.23,147.86,0.007,5446.21,2957.2,2489.01,0.457,3.4,10,236.96,133
ORD-10246,17,136.52,73.41,0.062,2176.95,1247.97,928.98,0.4267,3.6,2,101.53,79
ORD-10247,17,303.46,169.07,0.117,4555.24,2874.19,1681.05,0.369,3.9,4,225.77,131
ORD-10248,26,88.54,45.73,0.123,2018.89,1188.98,829.91,0.4111,3.9,5,104.37,112
ORD-10249,20,341.47,186.85,0.126,5968.9,3737.0,2231.9,0.3739,3.6,8,252.45,137
ORD-10250,12,276.22,149.41,0.121,2913.57,1792.92,1120.65,0.3846,3.7,12,121.86,65
ORD-10251,7,53.27,36.52,0.062,349.77,255.64,94.13,0.2691,3.7,5,13.86,33
ORD-10252,2,204.54,114.21,0.006,406.63,228.42,178.21,0.4383,4.1,1,14.66,47
ORD-10253,3,345.1,190.91,0.025,1009.42,572.73,436.69,0.4326,3.4,4,40.25,38
ORD-10254,17,172.81,98.46,0.029,2852.57,1673.82,1178.75,0.4132,4.5,4,133.32,85
ORD-10255,5,76.01,38.83,0.027,369.79,194.15,175.64,0.475,3.1,6,29.52,50
ORD-10256,17,177.4,101.87,0.162,2527.24,1731.79,795.45,0.3148,3.7,6,111.2,78
ORD-10257,24,186.67,104.4,0.042,4291.92,2505.6,1786.32,0.4162,3.6,4,197.72,136
ORD-10258,17,263.47,137.1,0.058,4219.21,2330.7,1888.51,0.4476,3.9,4,210.91,115
ORD-10259,27,249.11,129.87,0.089,6127.36,3506.49,2620.87,0.4277,3.2,5,247.74,154
ORD-10260,17,149.85,79.56,0.015,2509.24,1352.52,1156.72,0.461,4.1,5,105.26,86
ORD-10261,2,88.04,41.82,0.131,153.01,83.64,69.37,0.4534,3.3,5,5.0,14
ORD-10262,2,231.09,125.91,0.132,401.17,251.82,149.35,0.3723,4.2,5,30.65,20
ORD-10263,28,156.27,80.88,0.013,4318.68,2264.64,2054.04,0.4756,3.2,8,185.83,123
ORD-10264,22,59.31,32.13,0.156,1101.27,706.86,394.41,0.3581,4.1,5,72.44,75
ORD-10265,23,316.69,181.24,0.022,7123.62,4168.52,2955.1,0.4148,3.5,5,298.64,160
ORD-10266,5,246.56,135.36,0.035,1189.65,676.8,512.85,0.4311,3.8,2,53.76,32
ORD-10267,1,243.87,132.61,0.154,206.31,132.61,73.7,0.3572,3.8,4,26.14,11
ORD-10268,1,290.57,161.75,0.099,261.8,161.75,100.05,0.3822,3.4,5,33.83,51
ORD-10269,19,192.44,102.36,0.164,3056.72,1944.84,1111.88,0.3637,3.6,2,113.0,116
ORD-10270,2,288.04,162.64,0.099,519.05,325.28,193.77,0.3733,3.5,4,50.87,36
ORD-10271,21,181.86,102.5,0.032,3696.85,2152.5,1544.35,0.4177,3.7,8,182.47,124
ORD-10272,12,37.5,20.82,0.081,413.55,249.84,163.71,0.3959,3.7,6,39.75,44
ORD-10273,26,150.76,83.69,0.055,3704.17,2175.94,1528.23,0.4126,3.6,7,149.15,108
ORD-10274,6,181.65,110.12,0.155,920.97,660.72,260.25,0.2826,3.5,6,46.95,36
ORD-10275,23,256.27,145.66,0.171,4886.3,3350.18,1536.12,0.3144,3.9,5,228.2,136
ORD-10276,4,50.7,38.88,0.056,191.44,155.52,35.92,0.1876,4.3,3,7.98,30
ORD-10277,23,61.91,36.71,0.052,1349.89,844.33,505.56,0.3745,3.7,8,78.43,73
ORD-10278,11,103.33,49.47,0.059,1069.57,544.17,525.4,0.4912,3.5,7,57.02,76
ORD-10279,24,104.28,56.04,0.152,2122.31,1344.96,777.35,0.3663,3.3,4,102.3,103
ORD-10280,27,260.28,134.65,0.147,5994.51,3635.55,2358.96,0.3935,3.1,2,242.24,135
ORD-10281,17,98.99,57.09,0.052,1595.32,970.53,624.79,0.3916,3.8,4,83.77,79
ORD-10282,6,227.09,128.63,0.182,1114.56,771.78,342.78,0.3075,2.8,6,63.47,35
ORD-10283,24,180.58,94.89,0.048,4125.89,2277.36,1848.53,0.448,3.8,4,157.4,107
ORD-10284,5,207.05,110.6,0.063,970.03,553.0,417.03,0.4299,4.3,5,53.73,28
ORD-10285,20,295.77,163.42,0.028,5749.77,3268.4,2481.37,0.4316,3.1,8,254.2,134
ORD-10286,2,150.47,76.77,0.11,267.84,153.54,114.3,0.4267,3.3,4,19.93,42
ORD-10287,6,273.26,143.93,0.095,1483.8,863.58,620.22,0.418,4.0,5,37.64,37
ORD-10288,22,156.38,92.2,0.014,3392.19,2028.4,1363.79,0.402,2.5,7,148.97,117
ORD-10289,11,133.55,74.03,0.082,1348.59,814.33,534.26,0.3962,4.0,3,90.94,74
ORD-10290,16,336.14,182.09,0.044,5141.6,2913.44,2228.16,0.4334,4.4,4,215.5,113
ORD-10291,16,76.76,33.76,0.132,1066.04,540.16,525.88,0.4933,3.2,7,79.07,62
ORD-10292,1,45.26,29.15,0.094,41.01,29.15,11.86,0.2892,3.3,5,5.0,2
ORD-10293,9,273.28,146.88,0.092,2233.24,1321.92,911.32,0.4081,4.0,5,86.92,55
ORD-10294,28,37.86,30.13,0.124,928.63,843.64,84.99,0.0915,3.2,6,52.07,107
ORD-10295,27,295.42,166.78,0.091,7250.49,4503.06,2747.43,0.3789,3.8,8,292.68,175
ORD-10296,6,161.46,84.76,0.025,944.54,508.56,435.98,0.4616,3.3,6,57.73,45
ORD-10297,16,321.7,173.36,0.077,4750.87,2773.76,1977.11,0.4162,4.4,6,199.45,114
ORD-10298,29,256.71,149.8,0.166,6208.79,4344.2,1864.59,0.3003,3.7,8,285.46,167
ORD-10299,3,219.49,120.3,0.165,549.82,360.9,188.92,0.3436,3.4,8,30.37,22
ORD-10300,20,333.02,180.59,0.102,5981.04,3611.8,2369.24,0.3961,4.0,10,255.59,129
ORD-10301,28,147.88,81.47,0.087,3780.4,2281.16,1499.24,0.3966,4.1,5,175.16,118
ORD-10302,27,334.62,181.45,0.099,8140.3,4899.15,3241.15,0.3982,3.4,11,354.96,202
ORD-10303,4,60.23,34.33,0.217,188.64,137.32,51.32,0.2721,3.0,3,44.74,35
ORD-10304,19,177.06,97.0,0.047,3206.03,1843.0,1363.03,0.4251,3.2,9,139.72,95
ORD-10305,26,105.42,62.36,0.148,2335.26,1621.36,713.9,0.3057,4.1,5,102.42,124
ORD-10306,3,195.85,105.77,0.131,510.58,317.31,193.27,0.3785,3.2,5,6.71,40
ORD-10307,19,69.27,33.67,0.089,1198.99,639.73,559.26,0.4664,3.4,5,93.59,113
ORD-10308,20,296.91,161.56,0.054,5617.54,3231.2,2386.34,0.4248,3.4,4,245.12,131
ORD-10309,7,298.55,162.43,0.212,1646.8,1137.01,509.79,0.3096,3.8,5,92.15,56
ORD-10310,20,335.0,183.86,0.021,6559.3,3677.2,2882.1,0.4394,4.2,4,285.71,152
ORD-10311,9,66.82,39.92,0.123,527.41,359.28,168.13,0.3188,4.3,2,36.84,60
ORD-10312,1,223.82,126.0,0.146,191.14,126.0,65.14,0.3408,3.4,4,27.9,21
ORD-10313,8,173.87,101.63,0.052,1318.63,813.04,505.59,0.3834,3.7,8,59.35,38
ORD-10314,7,130.37,67.65,0.076,843.23,473.55,369.68,0.4384,3.5,4,44.2,33
ORD-10315,18,132.77,74.97,0.275,1732.65,1349.46,383.19,0.2212,3.3,7,70.05,88
ORD-10316,8,153.29,87.95,0.169,1019.07,703.6,315.47,0.3096,4.0,3,79.12,60
ORD-10317,1,251.15,134.76,0.034,242.61,134.76,107.85,0.4445,4.4,2,33.13,21
ORD-10318,11,215.43,117.45,0.059,2229.92,1291.95,937.97,0.4206,2.8,6,133.84,75
ORD-10319,28,168.99,84.19,0.1,4258.55,2357.32,1901.23,0.4465,3.4,9,219.79,144
ORD-10320,25,40.44,26.78,0.043,967.53,669.5,298.03,0.308,4.2,6,32.64,95
ORD-10321,25,41.05,21.5,0.024,1001.62,537.5,464.12,0.4634,3.7,7,69.84,86
ORD-10322,18,15.78,12.71,0.118,250.52,228.78,21.74,0.0868,3.5,8,5.0,44
ORD-10323,23,339.18,187.58,0.106,6974.22,4314.34,2659.88,0.3814,3.4,6,296.63,175
ORD-10324,10,16.76,8.29,0.061,157.38,82.9,74.48,0.4732,4.3,5,26.02,43
ORD-10325,3,49.54,19.28,0.135,128.56,57.84,70.72,0.5501,3.4,6,5.0,18
ORD-10326,7,120.39,59.14,0.106,753.4,413.98,339.42,0.4505,3.6,6,34.07,44
ORD-10327,28,285.49,144.05,0.121,7026.48,4033.4,2993.08,0.426,3.7,3,301.46,161
ORD-10328,16,337.3,182.7,0.097,4873.31,2923.2,1950.11,0.4002,3.7,6,212.58,121
ORD-10329,26,279.65,165.2,0.003,7249.09,4295.2,2953.89,0.4075,4.3,6,289.69,158
ORD-10330,16,246.34,129.05,0.101,3543.35,2064.8,1478.55,0.4173,3.4,4,146.26,105
ORD-10331,25,189.64,91.14,0.085,4338.02,2278.5,2059.52,0.4748,3.7,6,166.15,107
ORD-10332,20,44.05,29.04,0.155,744.44,580.8,163.64,0.2198,4.0,3,26.73,73
ORD-10333,28,335.99,196.61,0.133,8156.49,5505.08,2651.41,0.3251,3.5,3,335.69,178
ORD-10334,17,269.06,149.47,0.034,4418.5,2540.99,1877.51,0.4249,3.7,5,206.55,107
ORD-10335,2,229.05,127.42,0.158,385.72,254.84,130.88,0.3393,4.3,6,47.14,37
ORD-10336,1,269.28,146.55,0.062,252.58,146.55,106.03,0.4198,3.1,4,52.6,27
ORD-10337,16,257.57,132.69,0.214,3239.2,2123.04,1116.16,0.3446,3.6,3,150.93,100
ORD-10338,12,228.47,118.4,0.239,2086.39,1420.8,665.59,0.319,3.9,3,101.28,83
ORD-10339,5,343.49,187.34,0.171,1423.77,936.7,487.07,0.3421,3.4,6,79.38,54
ORD-10340,5,317.63,172.15,0.109,1415.04,860.75,554.29,0.3917,4.6,8,78.88,35
ORD-10341,27,231.63,126.82,0.134,5415.97,3424.14,1991.83,0.3678,3.8,7,207.39,134
ORD-10342,23,247.21,140.11,0.007,5646.03,3222.53,2423.5,0.4292,3.1,8,269.17,153
ORD-10343,9,32.28,14.84,0.11,258.56,133.56,125.0,0.4834,2.9,3,5.0,42
ORD-10344,9,239.42,135.93,0.07,2003.95,1223.37,780.58,0.3895,3.9,5,112.39,62
ORD-10345,3,29.8,13.51,0.06,84.04,40.53,43.51,0.5177,3.3,7,19.21,25
ORD-10346,19,212.07,121.83,0.012,3980.98,2314.77,1666.21,0.4185,4.5,3,157.9,107
ORD-10347,16,349.78,192.81,0.019,5490.15,3084.96,2405.19,0.4381,3.8,4,242.58,126
ORD-10348,16,201.2,108.48,0.055,3042.14,1735.68,1306.46,0.4295,3.4,7,134.91,79
ORD-10349,3,173.53,95.79,0.062,488.31,287.37,200.94,0.4115,3.5,5,24.29,11
ORD-10350,250,119.81,64.43,0.28,38000.0,1288.6,436.66,0.2531,4.1,4,63.29,56
ORD-10351,24,55.38,31.02,0.17,1103.17,744.48,358.69,0.3251,4.1,2,37.14,82
ORD-10352,22,259.89,146.73,0.018,5614.66,3228.06,2386.6,0.4251,4.2,8,230.42,120
ORD-10353,24,79.52,43.3,0.082,1751.98,1039.2,712.78,0.4068,3.9,2,79.27,115
ORD-10354,1,53.62,27.64,0.106,47.94,27.64,20.3,0.4234,4.0,6,5.0,21
ORD-10355,24,156.29,80.34,0.206,2978.26,1928.16,1050.1,0.3526,4.0,5,134.71,99
ORD-10356,20,281.44,157.69,0.214,4424.24,3153.8,1270.44,0.2872,3.7,8,175.95,124
ORD-10357,11,264.6,147.27,0.066,2718.5,1619.97,1098.53,0.4041,3.7,3,129.14,88
ORD-10358,17,33.39,12.45,0.019,556.85,211.65,345.2,0.6199,3.5,11,55.74,81
ORD-10359,8,167.47,96.29,0.117,1183.01,770.32,412.69,0.3488,3.6,6,66.66,42
ORD-10360,4,190.02,98.52,0.007,754.76,394.08,360.68,0.4779,3.7,6,43.78,40
ORD-10361,6,230.92,132.15,0.067,1292.69,792.9,499.79,0.3866,3.6,3,58.68,55
ORD-10362,8,232.81,131.48,0.016,1832.68,1051.84,780.84,0.4261,2.9,5,110.0,79
ORD-10363,20,137.17,77.54,0.09,2496.49,1550.8,945.69,0.3788,4.2,5,111.96,78
ORD-10364,3,202.83,109.67,0.126,531.82,329.01,202.81,0.3814,3.6,8,73.63,37
ORD-10365,16,176.16,99.77,0.184,2299.94,1596.32,703.62,0.3059,3.0,6,89.25,68
ORD-10366,25,311.47,176.69,0.195,6268.33,4417.25,1851.08,0.2953,3.8,7,270.08,172
ORD-10367,3,192.64,108.91,0.057,544.98,326.73,218.25,0.4005,4.2,6,57.99,40
ORD-10368,25,162.75,86.16,0.089,3706.63,2154.0,1552.63,0.4189,3.9,7,152.91,127
ORD-10369,29,150.5,84.11,0.089,3976.06,2439.19,1536.87,0.3865,3.5,3,170.5,138
ORD-10370,18,206.76,119.38,0.128,3245.3,2148.84,1096.46,0.3379,3.1,9,154.2,105
ORD-10371,14,284.33,167.38,0.11,3542.75,2343.32,1199.43,0.3386,3.7,3,162.53,85
ORD-10372,18,195.36,106.42,0.131,3055.82,1915.56,1140.26,0.3731,4.0,5,145.63,94
ORD-10373,2,236.65,134.45,0.029,459.57,268.9,190.67,0.4149,3.7,8,50.79,31
ORD-10374,22,262.18,149.87,0.056,5444.95,3297.14,2147.81,0.3945,4.6,9,227.6,127
ORD-10375,3,189.26,100.03,0.029,551.31,300.09,251.22,0.4557,3.0,6,58.61,27
ORD-10376,16,157.98,95.8,0.041,2424.05,1532.8,891.25,0.3677,3.8,4,86.16,74
ORD-10377,29,308.68,164.45,0.047,8530.99,4769.05,3761.94,0.441,2.9,6,372.4,188
ORD-10378,9,154.86,89.22,0.076,1287.82,802.98,484.84,0.3765,4.0,5,83.72,58
ORD-10379,4,169.75,94.89,0.105,607.71,379.56,228.15,0.3754,4.1,5,27.69,24
ORD-10380,1,346.76,191.0,0.076,320.41,191.0,129.41,0.4039,4.6,2,6.06,7
ORD-10381,4,15.08,14.325999999999999,0.225,46.75,57.3,-10.55,-0.2257,3.5,7,13.39,15
ORD-10382,1,77.13,40.92,0.169,64.1,40.92,23.18,0.3616,2.9,5,23.62,20
ORD-10383,14,143.63,77.41,0.086,1837.89,1083.74,754.15,0.4103,3.8,4,83.49,79
ORD-10384,21,327.42,186.74,0.088,6270.75,3921.54,2349.21,0.3746,3.9,5,273.36,151
ORD-10385,16,38.46,24.96,0.013,607.36,399.36,208.0,0.3425,3.3,6,68.36,55
ORD-10386,20,18.18,16.41,0.073,337.06,328.2,8.86,0.0263,3.8,3,8.01,71
ORD-10387,24,32.65,18.54,0.046,747.55,444.96,302.59,0.4048,3.1,7,15.59,81
ORD-10388,8,44.66,26.15,0.098,322.27,209.2,113.07,0.3509,3.5,5,26.85,47
ORD-10389,7,27.59,24.68,0.037,185.98,172.76,13.22,0.0711,3.9,8,12.24,42
ORD-10390,3,175.73,92.47,0.122,462.87,277.41,185.46,0.4007,4.0,5,26.31,18
ORD-10391,17,209.55,114.74,0.012,3519.6,1950.58,1569.02,0.4458,3.4,3,174.79,102
ORD-10392,1,106.02,62.3,0.014,104.54,62.3,42.24,0.4041,3.7,2,17.37,36
ORD-10393,16,148.43,80.66,0.09,2161.14,1290.56,870.58,0.4028,3.8,5,101.01,98
ORD-10394,12,45.72,22.3,0.022,536.57,267.6,268.97,0.5013,3.9,5,29.91,48
ORD-10395,27,127.68,73.32,0.25,2585.52,1979.64,605.88,0.2343,3.3,5,117.84,119
ORD-10396,19,190.04,111.2,0.174,2982.49,2112.8,869.69,0.2916,3.8,6,138.33,106
ORD-10397,22,260.31,142.47,0.255,4266.48,3134.34,1132.14,0.2654,3.7,4,227.43,151
ORD-10398,23,16.12,8.02,0.076,342.58,184.46,158.12,0.4616,2.6,6,32.9,81
ORD-10399,22,171.55,91.11,0.083,3460.85,2004.42,1456.43,0.4208,3.5,5,170.87,104
ORD-10400,14,114.5,61.5,0.121,1409.04,861.0,548.04,0.3889,3.4,6,74.16,62
ORD-10401,6,300.7,170.8,0.184,1472.23,1024.8,447.43,0.3039,4.0,4,43.47,69
ORD-10402,6,254.71,140.5,0.027,1487.0,843.0,644.0,0.4331,3.9,7,65.97,32
ORD-10403,13,212.35,112.77,0.067,2575.59,1466.01,1109.58,0.4308,3.0,6,122.21,80
ORD-10404,19,107.88,60.65,0.159,1723.81,1152.35,571.46,0.3315,3.8,6,94.8,109
ORD-10405,22,319.96,181.23,0.202,5617.22,3987.06,1630.16,0.2902,3.6,5,242.84,130
ORD-10406,8,30.11,13.75,0.111,214.14,110.0,104.14,0.4863,4.0,2,37.37,14
ORD-10407,27,51.67,21.78,0.183,1139.79,588.06,551.73,0.4841,3.1,9,38.69,64
ORD-10408,27,146.2,91.36,0.23,3039.5,2466.72,572.78,0.1884,3.7,4,137.31,111
ORD-10409,2,56.69,24.29,0.063,106.24,48.58,57.66,0.5427,4.2,5,39.17,9
ORD-10410,21,335.4,182.67,0.114,6240.45,3836.07,2404.38,0.3853,3.7,6,250.04,148
ORD-10411,1,282.33,156.44,0.105,252.69,156.44,96.25,0.3809,3.8,4,41.92,28
ORD-10412,28,101.76,54.61,0.077,2629.89,1529.08,1100.81,0.4186,3.2,9,136.23,100
ORD-10413,15,212.17,116.32,0.1,2864.29,1744.8,1119.49,0.3908,4.3,3,111.02,65
ORD-10414,1,344.08,192.13,0.089,313.46,192.13,121.33,0.3871,3.0,8,32.61,35
ORD-10415,5,311.21,159.21,0.007,1545.16,796.05,749.11,0.4848,3.4,6,79.19,48
ORD-10416,28,216.27,112.61,0.07,5631.67,3153.08,2478.59,0.4401,3.2,5,237.62,166
ORD-10417,29,317.75,174.98,0.135,7970.76,5074.42,2896.34,0.3634,3.8,5,310.93,187
ORD-10418,16,346.38,188.49,0.128,4832.69,3015.84,1816.85,0.376,4.5,1,204.36,100
ORD-10419,19,264.02,145.86,0.03,4865.89,2771.34,2094.55,0.4305,3.7,4,207.29,129
ORD-10420,4,36.77,21.36,0.157,123.99,85.44,38.55,0.3109,3.3,4,5.0,27
ORD-10421,3,149.53,71.66,0.123,393.41,214.98,178.43,0.4535,4.4,5,11.16,2
ORD-10422,17,295.67,168.99,0.106,4493.59,2872.83,1620.76,0.3607,3.7,8,180.84,93
ORD-10423,17,92.24,48.24,0.048,1492.81,820.08,672.73,0.4506,3.6,9,58.99,95
ORD-10424,12,293.27,156.97,0.12,3096.93,1883.64,1213.29,0.3918,3.5,6,143.77,74
ORD-10425,28,55.31,31.46,0.06,1455.76,880.88,574.88,0.3949,3.9,6,86.9,110
ORD-10426,29,30.73,17.44,0.188,723.63,505.76,217.87,0.3011,3.8,5,39.29,92
ORD-10427,14,143.67,85.0,0.02,1971.15,1190.0,781.15,0.3963,3.8,2,105.34,78
ORD-10428,21,27.31,16.38,0.106,512.72,343.98,168.74,0.3291,3.7,4,49.8,76
ORD-10429,6,335.69,190.42,0.048,1917.46,1142.52,774.94,0.4041,3.4,4,90.42,62
ORD-10430,3,291.78,155.79,0.063,820.19,467.37,352.82,0.4302,3.1,7,53.93,43
ORD-10431,28,283.26,156.5,0.065,7415.75,4382.0,3033.75,0.4091,3.5,7,308.28,174
ORD-10432,9,225.98,118.72,0.042,1948.4,1068.48,879.92,0.4516,4.2,5,76.09,46
ORD-10433,5,87.47,48.6,0.007,434.29,243.0,191.29,0.4405,3.5,4,21.17,23
ORD-10434,24,188.62,103.17,0.129,3942.91,2476.08,1466.83,0.372,4.3,2,177.61,108
ORD-10435,29,215.09,117.51,0.042,5975.63,3407.79,2567.84,0.4297,3.7,2,252.21,155
ORD-10436,17,190.89,104.25,0.132,2816.77,1772.25,1044.52,0.3708,3.2,2,138.73,76
ORD-10437,14,102.18,59.88,0.087,1306.06,838.32,467.74,0.3581,3.9,5,38.94,59
ORD-10438,21,187.61,95.15,0.043,3770.4,1998.15,1772.25,0.47,4.2,8,141.12,108
ORD-10439,3,179.55,94.25,0.022,526.8,282.75,244.05,0.4633,3.3,7,13.15,31
ORD-10440,28,348.77,191.62,0.124,8554.63,5365.36,3189.27,0.3728,2.9,7,359.68,176
ORD-10441,1,315.64,167.71,0.069,293.86,167.71,126.15,0.4293,4.0,4,6.08,3
ORD-10442,20,170.23,93.86,0.064,3186.71,1877.2,1309.51,0.4109,3.1,8,147.27,119
ORD-10443,29,223.68,122.77,0.054,6136.44,3560.33,2576.11,0.4198,4.1,4,271.75,150
ORD-10444,21,265.54,139.03,0.1,5018.71,2919.63,2099.08,0.4183,4.0,7,238.49,155
ORD-10445,23,26.68,7.41,0.17,509.32,170.43,338.89,0.6654,4.0,2,56.46,75
ORD-10446,1,314.8,160.02,0.001,314.49,160.02,154.47,0.4912,4.4,2,17.15,8
ORD-10447,3,303.14,160.62,0.029,883.05,481.86,401.19,0.4543,3.9,8,25.28,34
ORD-10448,18,168.24,92.6,0.071,2813.31,1666.8,1146.51,0.4075,4.1,5,118.05,96
ORD-10449,25,146.04,81.1,0.062,3424.64,2027.5,1397.14,0.408,3.8,4,166.64,139
ORD-10450,10,106.44,59.55,0.139,916.45,595.5,320.95,0.3502,3.8,7,45.81,30
ORD-10451,22,174.69,92.19,0.072,3566.47,2028.18,1538.29,0.4313,3.6,8,157.29,118
ORD-10452,26,29.87,16.34,0.188,630.62,424.84,205.78,0.3263,3.8,5,31.87,84
ORD-10453,3,300.48,167.25,0.157,759.91,501.75,258.16,0.3397,4.9,5,69.11,27
ORD-10454,8,26.87,8.44,0.074,199.05,67.52,131.53,0.6608,3.8,5,7.75,51
ORD-10455,14,125.23,69.49,0.06,1648.03,972.86,675.17,0.4097,3.5,1,81.92,72
ORD-10456,24,327.08,183.18,0.177,6460.48,4396.32,2064.16,0.3195,3.7,3,290.04,156
ORD-10457,18,261.3,141.26,0.066,4392.98,2542.68,1850.3,0.4212,3.5,7,218.34,125
ORD-10458,15,109.27,65.41,0.061,1539.07,981.15,557.92,0.3625,3.7,4,66.14,50
ORD-10459,22,99.64,52.46,0.006,2178.93,1154.12,1024.81,0.4703,4.0,7,116.57,87
ORD-10460,23,16.7,5.0,0.005,382.18,115.0,267.18,0.6991,4.2,6,20.8,70
ORD-10461,2,248.06,139.22,0.193,400.37,278.44,121.93,0.3045,3.4,7,51.67,34
ORD-10462,27,31.34,27.4,0.066,790.33,739.8,50.53,0.0639,3.4,3,72.56,112
ORD-10463,10,193.42,106.81,0.103,1734.98,1068.1,666.88,0.3844,3.7,6,71.06,47
ORD-10464,2,337.31,188.7,0.017,663.15,377.4,285.75,0.4309,3.6,4,51.33,19
ORD-10465,26,51.67,25.87,0.162,1125.79,672.62,453.17,0.4025,3.8,4,76.73,103
ORD-10466,17,314.65,166.85,0.056,5049.5,2836.45,2213.05,0.4383,3.8,4,212.57,115
ORD-10467,8,347.14,191.76,0.109,2474.41,1534.08,940.33,0.38,4.2,5,122.19,47
ORD-10468,1,35.61,21.21,0.074,32.97,21.21,11.76,0.3567,3.8,6,25.32,11
ORD-10469,9,310.77,169.13,0.06,2629.11,1522.17,1106.94,0.421,3.5,5,150.31,76
ORD-10470,11,187.89,106.49,0.12,1818.78,1171.39,647.39,0.3559,3.1,5,58.19,53
ORD-10471,22,318.68,172.0,0.085,6415.03,3784.0,2631.03,0.4101,3.7,5,270.76,147
ORD-10472,16,206.39,109.0,0.127,2882.86,1744.0,1138.86,0.395,3.8,4,111.56,70
ORD-10473,7,236.81,135.55,0.026,1614.57,948.85,665.72,0.4123,3.8,3,79.79,50
ORD-10474,29,197.17,113.77,0.061,5369.14,3299.33,2069.81,0.3855,4.1,5,218.02,157
ORD-10475,10,304.61,164.36,0.196,2449.06,1643.6,805.46,0.3289,3.0,6,109.14,39
ORD-10476,23,260.86,152.07,0.021,5873.78,3497.61,2376.17,0.4045,3.3,7,236.84,136
ORD-10477,26,189.62,102.86,0.077,4550.5,2674.36,1876.14,0.4123,3.9,3,199.35,118
ORD-10478,3,305.83,168.63,0.043,878.04,505.89,372.15,0.4238,3.7,3,66.23,37
ORD-10479,18,97.17,53.02,0.066,1633.62,954.36,679.26,0.4158,3.7,4,74.75,62
ORD-10480,25,67.71,39.86,0.075,1565.79,996.5,569.29,0.3636,3.6,6,99.09,104
ORD-10481,24,68.73,39.16,0.057,1555.5,939.84,615.66,0.3958,4.3,2,92.88,114
ORD-10482,13,126.89,71.08,0.133,1430.18,924.04,506.14,0.3539,3.8,3,102.72,64
ORD-10483,28,94.96,47.13,0.054,2515.3,1319.64,1195.66,0.4754,3.1,3,121.78,108
ORD-10484,26,326.58,171.18,0.042,8134.45,4450.68,3683.77,0.4529,3.4,7,339.45,172
ORD-10485,7,50.45,33.46,0.108,315.01,234.22,80.79,0.2565,3.9,5,5.0,32
ORD-10486,25,249.16,134.31,0.004,6204.08,3357.75,2846.33,0.4588,4.1,5,251.44,138
ORD-10487,4,78.39,42.87,0.007,311.37,171.48,139.89,0.4493,4.3,3,24.34,23
ORD-10488,13,310.35,172.33,0.056,3808.62,2240.29,1568.33,0.4118,4.3,4,166.0,86
ORD-10489,20,337.04,193.52,0.139,5803.83,3870.4,1933.43,0.3331,3.8,4,282.38,140
ORD-10490,1,170.93,94.82,0.137,147.51,94.82,52.69,0.3572,3.6,8,17.8,21
ORD-10491,8,309.49,168.25,0.057,2334.79,1346.0,988.79,0.4235,3.2,7,81.87,60
ORD-10492,14,16.72,6.58,0.014,230.8,92.12,138.68,0.6009,3.0,4,34.2,40
ORD-10493,16,289.68,159.14,0.11,4125.04,2546.24,1578.8,0.3827,3.1,6,189.1,110
ORD-10494,14,91.59,45.83,0.017,1260.46,641.62,618.84,0.491,3.3,7,58.53,94
ORD-10495,12,319.41,175.82,0.111,3407.47,2109.84,1297.63,0.3808,3.2,4,183.21,110
ORD-10496,19,15.38,8.2,0.008,289.88,155.8,134.08,0.4625,3.8,3,5.0,53
ORD-10497,23,201.32,118.93,0.126,4046.93,2735.39,1311.54,0.3241,3.8,2,195.62,128
ORD-10498,15,268.47,147.24,0.068,3753.21,2208.6,1544.61,0.4115,3.9,8,160.76,95
ORD-10499,28,101.66,46.29,0.147,2428.05,1296.12,1131.93,0.4662,3.2,6,97.87,114
ORD-10500,2,79.7,57.2,0.05,151.43,114.4,37.03,0.2445,3.8,5,57.06,28
ORD-10501,2,43.17,28.53,0.058,81.33,57.06,24.27,0.2984,3.7,3,29.3,21
ORD-10502,23,124.36,78.81,0.066,2671.5,1812.63,858.87,0.3215,3.5,3,117.38,95
ORD-10503,22,202.55,105.62,0.136,3850.07,2323.64,1526.43,0.3965,3.6,3,164.22,125
ORD-10504,19,53.81,28.49,0.045,976.38,541.31,435.07,0.4456,3.1,3,58.19,78
ORD-10505,25,141.19,81.03,0.169,2933.22,2025.75,907.47,0.3094,3.8,7,125.4,113
ORD-10506,26,18.04,12.6,0.024,457.78,327.6,130.18,0.2844,4.0,9,52.81,103
ORD-10507,29,289.26,160.63,0.23,6459.18,4658.27,1800.91,0.2788,3.4,6,274.68,177
ORD-10508,22,58.03,20.92,0.1,1148.99,460.24,688.75,0.5994,3.9,3,76.22,98
ORD-10509,26,109.92,51.89,0.059,2689.3,1349.14,1340.16,0.4983,3.5,7,125.69,125
ORD-10510,26,21.17,19.23,0.028,535.01,499.98,35.03,0.0655,3.2,8,49.45,105
ORD-10511,22,159.8,96.37,0.107,3139.43,2120.14,1019.29,0.3247,3.8,8,160.76,104
ORD-10512,17,296.44,162.51,0.012,4979.01,2762.67,2216.34,0.4451,3.9,5,239.37,121
ORD-10513,20,146.37,87.46,0.219,2286.3,1749.2,537.1,0.2349,2.5,5,113.82,101
ORD-10514,10,75.13,36.21,0.049,714.49,362.1,352.39,0.4932,3.3,5,30.58,35
ORD-10515,6,267.49,143.15,0.042,1537.53,858.9,678.63,0.4414,2.8,7,73.91,44
ORD-10516,15,279.25,148.08,0.117,3698.67,2221.2,1477.47,0.3995,4.2,7,162.55,98
ORD-10517,22,73.21,36.02,0.185,1312.66,792.44,520.22,0.3963,3.6,5,58.91,80
ORD-10518,11,273.24,153.9,0.084,2753.17,1692.9,1060.27,0.3851,3.9,4,114.02,72
ORD-10519,28,332.34,178.48,0.016,9156.63,4997.44,4159.19,0.4542,3.6,5,383.88,184
ORD-10520,5,70.74,50.11,0.125,309.49,250.55,58.94,0.1904,4.3,3,12.63,26
ORD-10521,1,273.28,152.6,0.231,210.15,152.6,57.55,0.2739,3.8,7,5.74,16
ORD-10522,8,252.37,144.23,0.079,1859.46,1153.84,705.62,0.3795,3.8,3,63.96,65
ORD-10523,21,173.65,97.96,0.089,3322.1,2057.16,1264.94,0.3808,4.3,7,155.09,106
ORD-10524,28,34.4,24.99,0.035,929.49,699.72,229.77,0.2472,3.8,5,57.3,91
ORD-10525,12,40.02,17.67,0.04,461.03,212.04,248.99,0.5401,3.3,4,28.57,56
ORD-10526,12,300.56,172.54,0.144,3087.35,2070.48,1016.87,0.3294,3.7,5,153.41,54
ORD-10527,5,346.7,191.39,0.062,1626.02,956.95,669.07,0.4115,3.9,6,65.06,39
ORD-10528,7,241.48,138.86,0.089,1539.92,972.02,567.9,0.3688,3.8,4,82.31,47
ORD-10529,4,164.4,83.22,0.027,639.84,332.88,306.96,0.4797,3.9,2,41.41,35
ORD-10530,6,231.94,128.47,0.097,1256.65,770.82,485.83,0.3866,4.4,5,54.16,54
ORD-10531,13,214.12,118.49,0.146,2377.16,1540.37,836.79,0.352,3.3,4,102.7,89
ORD-10532,20,143.51,75.83,0.108,2560.22,1516.6,1043.62,0.4076,2.3,9,108.87,95
ORD-10533,15,36.98,21.9,0.092,503.67,328.5,175.17,0.3478,4.4,5,38.94,44
ORD-10534,3,290.21,167.31,0.037,838.42,501.93,336.49,0.4013,3.4,3,57.44,30
ORD-10535,23,139.56,73.28,0.096,2901.73,1685.44,1216.29,0.4192,3.2,10,124.67,101
ORD-10536,8,289.29,163.92,0.095,2094.46,1311.36,783.1,0.3739,3.5,6,88.1,60
ORD-10537,20,99.59,49.14,0.016,1959.93,982.8,977.13,0.4986,4.4,4,95.46,89
ORD-10538,16,15.34,14.572999999999999,0.03,238.08,233.17,4.91,0.0206,4.4,4,5.0,45
ORD-10539,13,68.24,41.46,0.114,785.99,538.98,247.01,0.3143,3.1,6,46.95,44
ORD-10540,18,171.96,103.2,0.098,2791.94,1857.6,934.34,0.3347,4.3,5,150.1,91
ORD-10541,28,331.34,185.6,0.044,8869.31,5196.8,3672.51,0.4141,4.1,8,359.21,179
ORD-10542,10,49.23,29.03,0.141,422.89,290.3,132.59,0.3135,3.8,4,29.26,60
ORD-10543,19,301.16,169.6,0.152,4852.29,3222.4,1629.89,0.3359,3.9,7,224.46,117
ORD-10544,17,191.55,104.67,0.06,3060.97,1779.39,1281.58,0.4187,4.5,1,148.76,98
ORD-10545,24,291.68,152.33,0.128,6104.28,3655.92,2448.36,0.4011,3.6,5,260.1,158
ORD-10546,19,114.96,65.46,0.026,2127.45,1243.74,883.71,0.4154,3.8,4,99.22,89
ORD-10547,28,296.38,159.23,0.073,7692.84,4458.44,3234.4,0.4204,4.0,5,304.18,160
ORD-10548,26,273.9,145.14,0.064,6665.63,3773.64,2891.99,0.4339,3.0,6,288.99,172
ORD-10549,23,92.07,53.82,0.135,1831.73,1237.86,593.87,0.3242,3.3,8,68.12,91
ORD-10550,26,59.0,31.05,0.146,1310.04,807.3,502.74,0.3838,3.4,3,36.42,64
ORD-10551,5,305.8,173.33,0.038,1470.9,866.65,604.25,0.4108,4.7,1,88.96,62
ORD-10552,26,337.68,181.78,0.022,8586.53,4726.28,3860.25,0.4496,3.7,4,364.27,193
ORD-10553,21,25.49,11.67,0.094,484.97,245.07,239.9,0.4947,3.6,8,47.59,80
ORD-10554,23,259.98,148.74,0.043,5722.42,3421.02,2301.4,0.4022,3.9,2,232.85,154
ORD-10555,9,319.69,177.23,0.043,2753.49,1595.07,1158.42,0.4207,3.7,4,132.14,81
ORD-10556,12,302.22,158.83,0.135,3137.04,1905.96,1231.08,0.3924,3.6,7,133.9,91
ORD-10557,21,338.11,187.25,0.073,6581.99,3932.25,2649.74,0.4026,3.4,5,273.37,155
ORD-10558,1,269.63,155.7,0.116,238.35,155.7,82.65,0.3468,3.5,7,39.14,32
ORD-10559,26,163.17,87.35,0.141,3644.24,2271.1,1373.14,0.3768,3.8,2,158.52,105
ORD-10560,26,119.5,68.72,0.139,2675.13,1786.72,888.41,0.3321,3.5,5,111.56,92
ORD-10561,1,122.45,63.1,0.056,115.59,63.1,52.49,0.4541,3.8,7,5.0,23
ORD-10562,15,257.68,141.04,0.064,3617.83,2115.6,1502.23,0.4152,3.7,3,165.12,109
ORD-10563,2,264.86,151.12,0.115,468.8,302.24,166.56,0.3553,4.2,7,49.64,23
ORD-10564,22,82.12,46.26,0.147,1541.06,1017.72,523.34,0.3396,3.9,5,64.9,73
ORD-10565,16,305.82,174.65,0.085,4477.2,2794.4,1682.8,0.3759,3.1,6,204.42,114
ORD-10566,25,254.5,142.1,0.08,5853.5,3552.5,2301.0,0.3931,3.7,8,235.0,128
ORD-10567,8,203.52,123.03,0.039,1564.66,984.24,580.42,0.371,3.4,6,88.83,55
ORD-10568,13,172.96,87.3,0.027,2187.77,1134.9,1052.87,0.4813,3.9,4,103.0,70
ORD-10569,21,196.98,107.25,0.128,3607.1,2252.25,1354.85,0.3756,3.2,7,163.3,109
ORD-10570,1,68.35,32.17,0.134,59.19,32.17,27.02,0.4565,3.0,3,6.91,33
ORD-10571,16,83.24,40.7,0.084,1219.97,651.2,568.77,0.4662,3.6,6,69.16,64
ORD-10572,29,45.54,20.01,0.091,1200.48,580.29,620.19,0.5166,3.3,3,54.05,99
ORD-10573,7,66.48,37.4,0.076,429.99,261.8,168.19,0.3911,3.9,5,25.99,22
ORD-10574,5,166.99,92.98,0.165,697.18,464.9,232.28,0.3332,3.6,7,20.12,38
ORD-10575,22,192.67,108.11,0.098,3823.34,2378.42,1444.92,0.3779,3.5,5,156.35,110
ORD-10576,29,20.98,5.92,0.148,518.37,171.68,346.69,0.6688,4.2,8,27.85,103
ORD-10577,23,281.93,153.44,0.025,6322.28,3529.12,2793.16,0.4418,2.7,12,272.58,125
ORD-10578,3,113.55,57.63,0.147,290.57,172.89,117.68,0.405,3.4,5,35.56,28
ORD-10579,12,320.47,180.94,0.038,3699.51,2171.28,1528.23,0.4131,3.2,6,153.86,87
ORD-10580,26,339.12,182.16,0.061,8279.28,4736.16,3543.12,0.428,4.4,7,343.7,187
ORD-10581,16,77.13,41.35,0.104,1105.74,661.6,444.14,0.4017,4.2,6,84.53,69
ORD-10582,19,169.8,96.19,0.169,2680.97,1827.61,853.36,0.3183,2.9,7,124.21,103
ORD-10583,5,15.41,5.4,0.081,70.81,27.0,43.81,0.6187,3.5,4,9.78,20
ORD-10584,22,215.44,121.96,0.048,4512.18,2683.12,1829.06,0.4054,3.5,4,170.29,117
ORD-10585,25,218.45,128.13,0.057,5149.96,3203.25,1946.71,0.378,3.7,3,208.19,144
ORD-10586,29,97.93,54.81,0.008,2817.25,1589.49,1227.76,0.4358,3.4,5,114.3,107
ORD-10587,14,202.07,115.65,0.068,2636.61,1619.1,1017.51,0.3859,3.3,7,150.13,97
ORD-10588,28,90.56,39.44,0.025,2472.29,1104.32,1367.97,0.5533,4.3,4,101.16,114
ORD-10589,5,68.88,35.74,0.069,320.64,178.7,141.94,0.4427,4.5,5,28.59,28
ORD-10590,15,233.26,129.22,0.062,3281.97,1938.3,1343.67,0.4094,3.1,5,151.84,86
ORD-10591,17,124.19,63.04,0.022,2064.78,1071.68,993.1,0.481,3.4,4,114.19,66
ORD-10592,14,212.74,118.05,0.058,2805.62,1652.7,1152.92,0.4109,4.2,1,127.35,82
ORD-10593,20,160.14,93.38,0.052,3036.25,1867.6,1168.65,0.3849,2.9,8,128.8,95
ORD-10594,5,344.76,180.22,0.167,1435.93,901.1,534.83,0.3725,3.7,6,63.79,48
ORD-10595,12,65.11,29.87,0.043,747.72,358.44,389.28,0.5206,3.6,10,50.25,60
ORD-10596,16,170.64,94.78,0.105,2443.56,1516.48,927.08,0.3794,3.8,7,102.48,91
ORD-10597,26,242.95,135.92,0.125,5527.11,3533.92,1993.19,0.3606,3.7,8,219.52,152
ORD-10598,26,147.51,84.82,0.057,3616.65,2205.32,1411.33,0.3902,3.8,2,152.01,152
ORD-10599,16,341.52,188.39,0.044,5223.89,3014.24,2209.65,0.423,3.9,2,204.09,116
ORD-10600,21,256.83,143.56,0.087,4924.2,3014.76,1909.44,0.3878,3.2,6,239.73,126
ORD-10601,7,235.09,133.82,0.026,1602.84,936.74,666.1,0.4156,4.1,3,88.06,62
ORD-10602,4,268.61,145.66,0.023,1049.73,582.64,467.09,0.445,4.6,3,81.3,60
ORD-10603,1,334.14,180.73,0.036,322.11,180.73,141.38,0.4389,3.6,10,35.17,28
ORD-10604,5,319.12,174.67,0.103,1431.25,873.35,557.9,0.3898,3.3,7,95.12,30
ORD-10605,23,257.64,142.7,0.161,4971.68,3282.1,1689.58,0.3398,4.1,4,219.38,139
ORD-10606,26,265.97,142.99,0.011,6839.15,3717.74,3121.41,0.4564,5.0,1,299.46,159
ORD-10607,10,63.88,33.17,0.065,597.28,331.7,265.58,0.4446,4.0,3,6.89,24
ORD-10608,22,49.44,29.18,0.014,1072.45,641.96,430.49,0.4014,4.1,4,44.18,80
ORD-10609,5,206.25,114.23,0.047,982.78,571.15,411.63,0.4188,4.1,4,54.87,24
ORD-10610,4,21.15,10.71,0.08,77.83,42.84,34.99,0.4496,3.3,2,19.03,36
ORD-10611,2,176.59,88.42,0.028,343.29,176.84,166.45,0.4849,3.5,7,27.59,31
ORD-10612,20,85.47,46.99,0.073,1584.61,939.8,644.81,0.4069,3.6,4,85.18,85
ORD-10613,10,130.92,67.16,0.009,1297.42,671.6,625.82,0.4824,4.0,6,74.31,52
ORD-10614,26,274.89,156.1,0.062,6704.02,4058.6,2645.42,0.3946,4.0,6,296.14,162
ORD-10615,19,330.31,180.13,0.135,5428.64,3422.47,2006.17,0.3696,3.5,7,242.18,120
ORD-10616,26,39.26,16.61,0.086,932.97,431.86,501.11,0.5371,3.5,5,70.38,95
ORD-10617,1,193.97,106.38,0.01,192.03,106.38,85.65,0.446,3.3,3,40.86,2
ORD-10618,24,310.65,177.21,0.003,7433.23,4253.04,3180.19,0.4278,3.8,5,314.95,165
ORD-10619,5,42.64,26.61,0.072,197.85,133.05,64.8,0.3275,3.4,4,54.14,40
ORD-10620,13,291.21,161.27,0.059,3562.37,2096.51,1465.86,0.4115,3.0,9,177.88,104
ORD-10621,4,134.86,67.54,0.027,524.88,270.16,254.72,0.4853,4.1,5,23.89,30
ORD-10622,16,122.9,75.7,0.12,1730.43,1211.2,519.23,0.3001,4.0,5,90.11,87
ORD-10623,24,342.45,185.24,0.047,7832.52,4445.76,3386.76,0.4324,3.4,7,300.66,166
ORD-10624,16,82.29,49.93,0.077,1215.26,798.88,416.38,0.3426,3.1,5,38.5,72
ORD-10625,23,247.22,134.34,0.333,3792.6,3089.82,702.78,0.1853,3.0,8,159.21,141
ORD-10626,2,290.18,163.79,0.042,555.98,327.58,228.4,0.4108,4.2,4,24.11,26
ORD-10627,17,28.8,22.37,0.11,435.74,380.29,55.45,0.1273,4.0,4,25.03,62
ORD-10628,28,239.58,135.01,0.11,5970.33,3780.28,2190.05,0.3668,3.6,4,258.74,169
ORD-10629,27,333.77,187.35,0.05,8561.2,5058.45,3502.75,0.4091,3.4,10,375.83,186
ORD-10630,20,56.61,30.64,0.028,1100.5,612.8,487.7,0.4432,2.9,5,76.6,82
ORD-10631,24,315.23,171.21,0.081,6952.71,4109.04,2843.67,0.409,3.0,3,299.31,164
ORD-10632,12,214.25,118.53,0.018,2524.72,1422.36,1102.36,0.4366,4.6,5,99.68,71
ORD-10633,18,221.56,120.16,0.076,3684.99,2162.88,1522.11,0.4131,4.0,4,154.04,102
ORD-10634,3,220.34,133.52,0.024,645.16,400.56,244.6,0.3791,3.9,4,50.36,42
ORD-10635,28,115.11,58.35,0.136,2784.74,1633.8,1150.94,0.4133,3.4,7,114.0,97
ORD-10636,1,328.29,185.57,0.021,321.4,185.57,135.83,0.4226,2.8,8,8.85,35
ORD-10637,1,332.36,185.38,0.006,330.37,185.38,144.99,0.4389,4.2,5,35.6,28
ORD-10638,29,224.48,124.61,0.019,6386.23,3613.69,2772.54,0.4341,3.3,5,269.72,159
ORD-10639,19,277.45,160.0,0.233,4043.28,3040.0,1003.28,0.2481,4.0,4,173.57,126
ORD-10640,11,220.11,122.55,0.049,2302.57,1348.05,954.52,0.4145,3.7,6,123.75,76
ORD-10641,5,177.27,94.32,0.101,796.83,471.6,325.23,0.4082,4.0,1,63.21,43
ORD-10642,12,236.37,131.46,0.196,2280.5,1577.52,702.98,0.3083,3.3,3,132.94,78
ORD-10643,3,200.26,109.23,0.127,524.48,327.69,196.79,0.3752,3.2,5,26.21,40
ORD-10644,1,215.15,120.85,0.086,196.65,120.85,75.8,0.3855,4.2,1,29.31,21
ORD-10645,1,277.58,156.73,0.127,242.33,156.73,85.6,0.3532,3.8,4,24.98,14
ORD-10646,8,176.1,92.56,0.04,1352.45,740.48,611.97,0.4525,3.9,4,74.17,62
ORD-10647,10,28.65,21.73,0.185,233.5,217.3,16.2,0.0694,3.6,7,7.32,49
ORD-10648,11,69.94,37.19,0.038,740.11,409.09,331.02,0.4473,3.0,5,23.57,61
ORD-10649,12,161.93,91.28,0.019,1906.24,1095.36,810.88,0.4254,4.0,7,90.65,74
ORD-10650,29,257.82,144.89,0.184,6101.05,4201.81,1899.24,0.3113,3.4,6,246.4,168
ORD-10651,13,213.75,119.4,0.154,2350.82,1552.2,798.62,0.3397,3.8,9,123.11,77
ORD-10652,12,232.85,127.52,0.046,2665.67,1530.24,1135.43,0.4259,3.2,2,99.12,80
ORD-10653,14,175.56,94.12,0.042,2354.61,1317.68,1036.93,0.4404,3.8,8,87.91,79
ORD-10654,2,221.27,120.35,0.027,430.59,240.7,189.89,0.441,4.1,4,25.97,28
ORD-10655,29,125.22,76.7,0.045,3467.97,2224.3,1243.67,0.3586,2.8,9,130.65,106
ORD-10656,19,172.51,90.55,0.16,2753.26,1720.45,1032.81,0.3751,3.2,8,150.27,99
ORD-10657,18,264.33,141.79,0.049,4524.8,2552.22,1972.58,0.4359,3.7,1,193.25,113
ORD-10658,3,307.06,165.07,0.187,748.92,495.21,253.71,0.3388,3.9,6,35.91,34
ORD-10659,23,160.27,88.83,0.071,3424.49,2043.09,1381.4,0.4034,3.6,8,159.0,139
ORD-10660,17,29.63,8.67,0.097,454.85,147.39,307.46,0.676,4.1,8,46.45,75
ORD-10661,26,69.16,31.27,0.232,1380.99,813.02,567.97,0.4113,3.9,3,73.34,89
ORD-10662,8,21.99,10.79,0.188,142.85,86.32,56.53,0.3957,3.9,6,19.69,31
ORD-10663,29,233.84,122.17,0.025,6611.83,3542.93,3068.9,0.4642,4.2,6,264.72,176
ORD-10664,26,126.33,63.45,0.134,2844.45,1649.7,1194.75,0.42,3.8,7,138.24,111
ORD-10665,10,196.73,101.8,0.082,1805.98,1018.0,787.98,0.4363,3.4,7,108.49,78
ORD-10666,26,180.25,94.9,0.021,4588.08,2467.4,2120.68,0.4622,3.3,8,195.23,135
ORD-10667,2,42.31,26.93,0.013,83.52,53.86,29.66,0.3551,3.9,3,5.61,15
ORD-10668,19,150.09,87.33,0.097,2575.09,1659.27,915.82,0.3556,4.0,6,120.73,89
ORD-10669,9,88.89,58.48,0.024,780.81,526.32,254.49,0.3259,3.5,5,46.27,16
ORD-10670,7,155.16,94.75,0.111,965.56,663.25,302.31,0.3131,4.1,4,35.38,44
ORD-10671,4,83.2,49.69,0.113,295.19,198.76,96.43,0.3267,3.9,4,19.27,15
ORD-10672,26,296.55,168.24,0.118,6800.48,4374.24,2426.24,0.3568,3.1,6,313.85,155
ORD-10673,21,73.35,41.0,0.13,1340.1,861.0,479.1,0.3575,4.0,4,48.39,79
ORD-10674,18,336.86,187.87,0.1,5457.13,3381.66,2075.47,0.3803,3.6,7,222.93,132
ORD-10675,13,154.33,94.6,0.107,1791.62,1229.8,561.82,0.3136,3.3,8,72.43,47
ORD-10676,11,298.49,166.03,0.161,2754.76,1826.33,928.43,0.337,3.9,3,112.29,81
ORD-10677,29,225.64,129.87,0.103,5869.57,3766.23,2103.34,0.3583,3.2,9,243.1,146
ORD-10678,24,261.34,139.07,0.147,5350.15,3337.68,2012.47,0.3762,3.9,4,235.73,147
ORD-10679,4,272.19,146.37,0.113,965.73,585.48,380.25,0.3937,3.6,6,73.26,48
ORD-10680,25,184.12,102.83,0.014,4538.56,2570.75,1967.81,0.4336,2.9,8,199.59,130
ORD-10681,21,197.01,109.11,0.127,3611.78,2291.31,1320.47,0.3656,3.6,5,149.21,108
ORD-10682,29,187.19,99.85,0.073,5032.23,2895.65,2136.58,0.4246,3.6,4,239.39,150
ORD-10683,25,212.0,128.64,0.176,4367.2,3216.0,1151.2,0.2636,3.9,5,158.66,123
ORD-10684,4,24.85,14.53,0.078,91.65,58.12,33.53,0.3658,4.1,5,28.77,31
ORD-10685,10,147.5,78.91,0.057,1390.92,789.1,601.82,0.4327,3.2,9,55.24,42
ORD-10686,5,218.07,120.7,0.064,1020.57,603.5,417.07,0.4087,3.8,1,55.06,25
ORD-10687,9,215.24,118.51,0.042,1855.8,1066.59,789.21,0.4253,3.1,5,97.68,72
ORD-10688,24,280.64,155.29,0.071,6257.15,3726.96,2530.19,0.4044,3.3,6,241.21,144
ORD-10689,3,234.43,120.97,0.018,690.63,362.91,327.72,0.4745,3.7,4,44.75,40
ORD-10690,17,347.36,197.51,0.156,4983.92,3357.67,1626.25,0.3263,3.1,5,217.63,111
ORD-10691,3,110.09,67.29,0.134,286.01,201.87,84.14,0.2942,4.1,4,48.38,24
ORD-10692,16,135.32,81.78,0.232,1662.81,1308.48,354.33,0.2131,3.5,8,122.24,77
ORD-10693,4,143.59,80.6,0.133,497.97,322.4,175.57,0.3526,3.5,7,11.62,22
ORD-10694,18,171.05,97.39,0.003,3069.66,1753.02,1316.64,0.4289,3.7,6,159.04,105
ORD-10695,17,295.06,157.95,0.088,4574.61,2685.15,1889.46,0.413,3.9,5,197.42,106
ORD-10696,7,93.99,55.86,0.111,584.9,391.02,193.88,0.3315,4.0,4,26.27,51
ORD-10697,24,274.96,152.49,0.009,6539.65,3659.76,2879.89,0.4404,4.0,6,282.12,148
ORD-10698,23,150.78,80.63,0.073,3214.78,1854.49,1360.29,0.4231,3.3,9,124.06,107
ORD-10699,5,216.62,123.46,0.026,1054.94,617.3,437.64,0.4148,3.7,5,38.56,25
ORD-10700,12,226.9,129.31,0.052,2581.21,1551.72,1029.49,0.3988,4.0,3,92.22,61
ORD-10701,17,139.9,77.25,0.15,2021.56,1313.25,708.31,0.3504,3.6,5,104.05,83
ORD-10702,23,186.73,104.89,0.037,4135.88,2412.47,1723.41,0.4167,4.0,7,185.34,115
ORD-10703,13,153.37,79.19,0.105,1784.46,1029.47,754.99,0.4231,4.3,4,74.16,66
ORD-10704,23,38.16,27.2,0.007,871.54,625.6,245.94,0.2822,3.9,6,72.72,94
ORD-10705,25,161.45,84.3,0.198,3237.07,2107.5,1129.57,0.3489,3.1,7,134.54,124
ORD-10706,3,47.63,22.67,0.085,130.74,68.01,62.73,0.4798,4.1,3,39.47,19
ORD-10707,9,150.68,83.19,0.059,1276.11,748.71,527.4,0.4133,4.2,1,67.88,55
ORD-10708,17,213.63,123.07,0.101,3264.91,2092.19,1172.72,0.3592,3.5,3,135.45,93
ORD-10709,17,209.1,120.57,0.231,2733.56,2049.69,683.87,0.2502,3.8,4,122.62,71
ORD-10710,20,236.98,130.31,0.045,4526.32,2606.2,1920.12,0.4242,3.5,5,177.25,102
ORD-10711,16,46.91,29.67,0.029,728.79,474.72,254.07,0.3486,4.1,5,47.4,69
ORD-10712,25,233.46,119.96,0.112,5182.81,2999.0,2183.81,0.4214,3.8,7,222.77,126
ORD-10713,22,119.57,62.17,0.054,2488.49,1367.74,1120.75,0.4504,4.0,3,122.45,101
ORD-10714,13,148.68,78.28,0.062,1813.0,1017.64,795.36,0.4387,3.6,7,100.71,51
ORD-10715,27,302.43,172.6,0.183,6671.3,4660.2,2011.1,0.3015,2.8,5,283.59,162
ORD-10716,19,18.03,13.19,0.055,323.73,250.61,73.12,0.2259,3.5,2,5.8,39
ORD-10717,17,212.12,117.59,0.122,3166.1,1999.03,1167.07,0.3686,3.7,5,155.63,93
ORD-10718,4,215.57,119.97,0.149,733.8,479.88,253.92,0.346,4.1,7,44.57,29
ORD-10719,12,147.88,89.18,0.085,1623.72,1070.16,553.56,0.3409,3.8,7,51.54,57
ORD-10720,29,94.4,51.07,0.001,2734.86,1481.03,1253.83,0.4585,4.4,6,129.04,119
ORD-10721,9,93.62,44.92,0.143,722.09,404.28,317.81,0.4401,3.6,7,49.66,35
ORD-10722,19,311.04,176.51,0.048,5626.09,3353.69,2272.4,0.4039,3.7,6,234.67,116
ORD-10723,12,163.08,90.6,0.243,1481.42,1087.2,394.22,0.2661,4.0,7,71.29,45
ORD-10724,9,125.85,73.99,0.097,1022.78,665.91,356.87,0.3489,3.9,2,46.98,49
ORD-10725,7,165.34,90.71,0.05,1099.51,634.97,464.54,0.4225,3.6,2,65.22,49
ORD-10726,28,239.25,127.39,0.111,5955.41,3566.92,2388.49,0.4011,3.7,7,255.32,163
ORD-10727,14,63.83,37.12,0.085,817.66,519.68,297.98,0.3644,3.9,8,34.08,50
ORD-10728,20,165.56,91.11,0.106,2960.21,1822.2,1138.01,0.3844,3.3,6,157.68,90
ORD-10729,19,211.94,117.49,0.21,3181.22,2232.31,948.91,0.2983,3.9,4,132.26,94
ORD-10730,26,332.78,191.11,0.101,7778.4,4968.86,2809.54,0.3612,3.8,4,285.54,161
ORD-10731,15,99.6,49.29,0.048,1422.29,739.35,682.94,0.4802,3.9,5,64.83,55
ORD-10732,16,135.35,75.87,0.12,1905.73,1213.92,691.81,0.363,3.6,8,106.69,71
ORD-10733,21,142.09,74.05,0.121,2622.84,1555.05,1067.79,0.4071,3.5,5,116.82,102
ORD-10734,5,217.86,106.87,0.043,1042.46,534.35,508.11,0.4874,3.6,7,32.18,33
ORD-10735,3,134.51,73.74,0.152,342.19,221.22,120.97,0.3535,3.5,6,13.27,33
ORD-10736,12,193.73,106.71,0.054,2199.22,1280.52,918.7,0.4177,3.5,9,86.75,83
ORD-10737,25,276.9,155.41,0.107,6181.79,3885.25,2296.54,0.3715,3.3,6,253.64,134
ORD-10738,20,251.3,137.13,0.026,4895.32,2742.6,2152.72,0.4398,3.5,5,206.89,118
ORD-10739,27,164.53,83.05,0.01,4397.89,2242.35,2155.54,0.4901,3.4,8,198.32,138
ORD-10740,21,304.51,163.37,0.003,6375.53,3430.77,2944.76,0.4619,4.0,4,271.95,148
ORD-10741,4,201.98,117.67,0.126,706.12,470.68,235.44,0.3334,3.2,4,45.89,44
ORD-10742,21,195.87,103.55,0.149,3500.39,2174.55,1325.84,0.3788,3.9,2,181.71,124
ORD-10743,23,26.45,22.46,0.098,548.73,516.58,32.15,0.0586,3.6,3,49.86,94
ORD-10744,16,345.54,195.3,0.019,5423.6,3124.8,2298.8,0.4239,3.3,9,243.54,124
ORD-10745,25,56.2,29.32,0.124,1230.78,733.0,497.78,0.4044,3.3,7,37.03,77
ORD-10746,7,92.43,47.19,0.124,566.78,330.33,236.45,0.4172,4.0,2,26.39,55
ORD-10747,13,32.32,23.02,0.099,378.56,299.26,79.3,0.2095,3.4,8,6.19,46
ORD-10748,21,229.4,124.97,0.027,4687.33,2624.37,2062.96,0.4401,4.1,4,190.96,117
ORD-10749,10,90.27,41.92,0.041,865.69,419.2,446.49,0.5158,3.8,6,61.55,43
ORD-10750,26,75.3,44.23,0.046,1867.74,1149.98,717.76,0.3843,3.0,45,83.82,102
ORD-10751,7,44.67,26.65,0.205,248.59,186.55,62.04,0.2496,3.0,8,41.03,50
ORD-10752,14,49.61,32.97,0.048,661.2,461.58,199.62,0.3019,3.8,4,51.85,56
ORD-10753,26,210.86,117.72,0.177,4511.98,3060.72,1451.26,0.3216,3.7,4,196.24,133
ORD-10754,5,245.55,132.31,0.011,1214.24,661.55,552.69,0.4552,3.8,1,80.01,49
ORD-10755,3,148.12,87.81,0.118,391.93,263.43,128.5,0.3279,4.3,4,51.14,38
ORD-10756,23,175.77,103.51,0.01,4002.28,2380.73,1621.55,0.4052,4.0,7,181.91,119
ORD-10757,29,244.8,135.81,0.038,6829.43,3938.49,2890.94,0.4233,2.9,8,291.63,166
ORD-10758,11,20.82,11.75,0.042,219.4,129.25,90.15,0.4109,3.7,8,33.28,42
ORD-10759,11,123.25,61.17,0.207,1075.11,672.87,402.24,0.3741,3.5,6,36.91,38
ORD-10760,18,340.99,184.51,0.144,5253.97,3321.18,1932.79,0.3679,4.1,6,223.4,114
ORD-10761,15,209.34,118.94,0.149,2672.23,1784.1,888.13,0.3324,3.1,5,121.53,76
ORD-10762,12,100.17,52.31,0.223,933.99,627.72,306.27,0.3279,4.3,7,46.83,39
ORD-10763,9,189.78,97.09,0.09,1554.3,873.81,680.49,0.4378,3.6,3,65.33,62
ORD-10764,10,129.79,88.86,0.099,1169.41,888.6,280.81,0.2401,4.1,2,76.75,62
ORD-10765,26,193.3,99.0,0.117,4437.78,2574.0,1863.78,0.42,3.5,4,195.06,135
ORD-10766,12,57.12,42.7,0.027,666.93,512.4,154.53,0.2317,3.5,6,45.59,67
ORD-10767,17,59.46,31.17,0.14,869.31,529.89,339.42,0.3904,3.2,3,71.14,81
ORD-10768,29,63.09,34.28,0.075,1692.39,994.12,698.27,0.4126,4.2,5,79.77,99
ORD-10769,6,329.84,178.05,0.053,1874.15,1068.3,805.85,0.43,3.7,4,84.13,62
ORD-10770,7,260.52,147.2,0.065,1705.1,1030.4,674.7,0.3957,3.6,6,103.62,68
ORD-10771,14,69.4,30.97,0.178,798.66,433.58,365.08,0.4571,4.4,7,24.59,41
ORD-10772,13,78.1,33.75,0.108,905.65,438.75,466.9,0.5155,4.1,5,51.99,67
ORD-10773,8,259.83,150.96,0.048,1978.87,1207.68,771.19,0.3897,3.4,6,83.09,50
ORD-10774,10,67.31,33.0,0.025,656.27,330.0,326.27,0.4972,3.5,6,45.64,59
ORD-10775,9,93.58,55.2,0.136,727.68,496.8,230.88,0.3173,3.9,4,52.69,45
ORD-10776,18,337.72,180.32,0.107,5428.51,3245.76,2182.75,0.4021,4.1,4,241.55,122
ORD-10777,27,100.53,58.83,0.074,2513.45,1588.41,925.04,0.368,4.1,9,130.93,112
ORD-10778,26,236.65,138.58,0.05,5845.26,3603.08,2242.18,0.3836,3.4,1,245.02,139
ORD-10779,2,342.84,185.93,0.064,641.8,371.86,269.94,0.4206,4.2,3,37.82,12
ORD-10780,5,140.39,67.55,0.047,668.96,337.75,331.21,0.4951,4.2,4,49.66,12
ORD-10781,29,20.87,19.8265,0.176,498.71,574.97,-76.26,-0.1529,3.2,7,48.26,86
ORD-10782,5,96.79,57.87,0.011,478.63,289.35,189.28,0.3955,3.5,7,14.64,53
ORD-10783,6,293.34,158.97,0.058,1657.96,953.82,704.14,0.4247,2.8,9,86.03,56
ORD-10784,19,304.64,166.46,0.053,5481.39,3162.74,2318.65,0.423,3.6,5,228.33,145
ORD-10785,8,272.45,144.29,0.084,1996.51,1154.32,842.19,0.4218,3.8,5,96.17,56
ORD-10786,16,52.89,36.19,0.061,794.62,579.04,215.58,0.2713,4.3,6,41.43,58
ORD-10787,13,281.5,152.15,0.091,3326.49,1977.95,1348.54,0.4054,4.5,4,137.22,101
ORD-10788,1,322.76,170.42,0.264,237.55,170.42,67.13,0.2826,3.4,2,9.22,19
ORD-10789,22,216.2,119.98,0.042,4556.63,2639.56,1917.07,0.4207,4.3,5,195.0,114
ORD-10790,20,330.19,177.3,0.081,6068.89,3546.0,2522.89,0.4157,2.8,7,263.13,145
ORD-10791,17,291.99,155.44,0.14,4268.89,2642.48,1626.41,0.381,3.5,5,176.71,118
ORD-10792,7,238.44,128.99,0.087,1523.87,902.93,620.94,0.4075,3.5,6,93.8,41
ORD-10793,25,208.36,115.03,0.103,4672.47,2875.75,1796.72,0.3845,4.1,2,238.78,149
ORD-10794,13,131.77,65.57,0.201,1368.69,852.41,516.28,0.3772,3.7,5,75.94,52
ORD-10795,4,68.36,44.52,0.147,233.24,178.08,55.16,0.2365,3.9,4,23.71,39
ORD-10796,4,217.66,123.1,0.112,773.13,492.4,280.73,0.3631,3.9,2,32.24,32
ORD-10797,6,121.57,65.04,0.055,689.3,390.24,299.06,0.4339,4.1,6,48.12,46
ORD-10798,28,305.26,163.38,0.063,8008.8,4574.64,3434.16,0.4288,3.6,10,357.51,185
ORD-10799,19,347.77,190.83,0.031,6402.79,3625.77,2777.02,0.4337,3.5,7,300.34,130
ORD-10800,29,267.06,151.38,0.004,7713.76,4390.02,3323.74,0.4309,3.9,8,344.49,181
ORD-10801,12,45.31,28.64,0.062,510.01,343.68,166.33,0.3261,4.4,7,48.05,64
ORD-10802,22,111.71,66.73,0.051,2332.28,1468.06,864.22,0.3705,3.3,7,114.44,119
ORD-10803,7,51.55,25.95,0.165,301.31,181.65,119.66,0.3971,4.7,1,11.32,34
ORD-10804,27,232.92,113.48,0.127,5490.16,3063.96,2426.2,0.4419,3.4,6,233.11,141
ORD-10805,10,271.34,155.48,0.053,2569.59,1554.8,1014.79,0.3949,4.2,6,114.55,75
ORD-10806,26,325.1,177.97,0.113,7497.46,4627.22,2870.24,0.3828,3.3,7,313.5,177
ORD-10807,19,161.79,92.32,0.026,2994.09,1754.08,1240.01,0.4142,3.8,8,123.97,96
ORD-10808,7,316.96,182.67,0.007,2203.19,1278.69,924.5,0.4196,4.0,3,114.5,63
ORD-10809,3,309.09,182.17,0.091,842.89,546.51,296.38,0.3516,2.9,6,44.61,33
ORD-10810,13,121.26,63.44,0.176,1298.94,824.72,474.22,0.3651,4.6,3,61.63,61
ORD-10811,13,306.08,169.01,0.088,3628.88,2197.13,1431.75,0.3945,3.4,5,149.41,90
ORD-10812,18,140.85,84.3,0.17,2104.3,1517.4,586.9,0.2789,3.2,5,102.66,104
ORD-10813,28,114.45,58.73,0.038,3082.83,1644.44,1438.39,0.4666,3.3,8,160.76,108
ORD-10814,26,232.44,124.93,0.103,5420.97,3248.18,2172.79,0.4008,4.6,7,231.69,142
ORD-10815,20,125.01,65.82,0.152,2120.17,1316.4,803.77,0.3791,3.1,6,104.03,82
ORD-10816,28,226.12,124.23,0.085,5793.19,3478.44,2314.75,0.3996,4.0,2,275.76,175
ORD-10817,8,219.29,119.51,0.204,1396.44,956.08,440.36,0.3153,3.1,6,88.91,55
ORD-10818,29,203.75,109.09,0.115,5229.24,3163.61,2065.63,0.395,3.3,5,232.99,158
ORD-10819,9,142.44,73.51,0.198,1028.13,661.59,366.54,0.3565,2.8,8,64.31,66
ORD-10820,7,198.75,113.37,0.143,1192.3,793.59,398.71,0.3344,3.7,7,53.65,33
ORD-10821,1,214.82,124.84,0.069,200.0,124.84,75.16,0.3758,3.8,3,12.49,11
ORD-10822,3,197.81,116.21,0.062,556.64,348.63,208.01,0.3737,3.2,6,39.39,43
ORD-10823,13,163.88,87.73,0.175,1757.61,1140.49,617.12,0.3511,3.9,6,87.81,58
ORD-10824,28,19.91,15.22,0.216,437.06,426.16,10.9,0.0249,3.9,7,19.74,81
ORD-10825,25,211.67,117.6,0.007,5254.71,2940.0,2314.71,0.4405,3.8,7,235.74,127
ORD-10826,28,71.43,36.43,0.058,1884.04,1020.04,864.0,0.4586,4.1,7,86.2,119
ORD-10827,17,230.26,130.31,0.063,3667.81,2215.27,1452.54,0.396,3.4,8,178.62,100
ORD-10828,25,269.38,145.08,0.084,6168.8,3627.0,2541.8,0.412,3.9,5,260.92,154
ORD-10829,24,182.65,98.58,0.035,4230.17,2365.92,1864.25,0.4407,3.7,4,182.05,131
ORD-10830,1,196.69,101.3,0.006,195.51,101.3,94.21,0.4819,3.1,6,8.76,7
ORD-10831,6,333.75,181.24,0.081,1840.3,1087.44,752.86,0.4091,4.1,1,76.19,29
ORD-10832,21,298.8,165.61,0.091,5703.79,3477.81,2225.98,0.3903,3.6,7,262.92,139
ORD-10833,6,321.27,184.54,0.054,1823.53,1107.24,716.29,0.3928,3.7,6,91.98,50
ORD-10834,26,287.61,156.42,0.039,7186.22,4066.92,3119.3,0.4341,4.2,1,308.29,167
ORD-10835,12,51.49,23.13,0.149,525.82,277.56,248.26,0.4721,4.3,4,60.04,57
ORD-10836,13,64.91,43.19,0.087,770.42,561.47,208.95,0.2712,3.4,8,26.05,45
ORD-10837,13,191.42,102.76,0.066,2324.22,1335.88,988.34,0.4252,3.6,2,118.04,73
ORD-10838,29,97.43,44.84,0.058,2661.59,1300.36,1361.23,0.5114,3.6,6,97.65,115
ORD-10839,15,174.69,96.74,0.008,2599.39,1451.1,1148.29,0.4418,3.9,3,112.41,73
ORD-10840,21,147.11,79.29,0.121,2715.5,1665.09,1050.41,0.3868,4.2,4,106.44,93
ORD-10841,16,199.05,120.98,0.032,3082.89,1935.68,1147.21,0.3721,3.5,9,151.19,90
ORD-10842,22,265.2,148.24,0.056,5507.67,3261.28,2246.39,0.4079,3.2,6,206.96,130
ORD-10843,21,254.69,139.35,0.065,5000.84,2926.35,2074.49,0.4148,3.9,7,211.58,137
ORD-10844,11,189.61,99.66,0.067,1945.97,1096.26,849.71,0.4367,4.0,5,75.46,72
ORD-10845,28,290.5,161.43,0.048,7743.57,4520.04,3223.53,0.4163,4.0,3,311.92,186
ORD-10846,5,159.34,94.92,0.119,701.89,474.6,227.29,0.3238,4.3,2,32.56,29
ORD-10847,4,315.4,175.03,0.112,1120.3,700.12,420.18,0.3751,4.0,7,79.6,41
ORD-10848,3,38.88,17.15,0.012,115.24,51.45,63.79,0.5535,3.6,5,14.58,9
ORD-10849,19,334.81,186.84,0.011,6291.41,3549.96,2741.45,0.4357,3.5,4,292.57,142
ORD-10850,20,234.32,128.63,0.079,4316.17,2572.6,1743.57,0.404,3.7,5,216.7,122
ORD-10851,25,142.32,80.52,0.031,3447.7,2013.0,1434.7,0.4161,3.8,7,184.61,122
ORD-10852,18,81.05,42.8,0.03,1415.13,770.4,644.73,0.4556,3.7,6,70.72,70
ORD-10853,15,175.53,94.65,0.18,2159.02,1419.75,739.27,0.3424,3.3,4,104.52,62
ORD-10854,9,80.18,42.01,0.091,655.95,378.09,277.86,0.4236,4.0,2,46.91,33
ORD-10855,17,70.72,43.61,0.124,1053.16,741.37,311.79,0.2961,2.9,5,51.61,68
ORD-10856,14,221.81,120.15,0.161,2605.38,1682.1,923.28,0.3544,3.4,7,125.58,83
ORD-10857,15,190.23,102.33,0.135,2468.23,1534.95,933.28,0.3781,3.9,7,99.7,82
ORD-10858,1,239.48,127.0,0.113,212.42,127.0,85.42,0.4021,4.1,5,5.0,11
ORD-10859,21,326.42,181.8,0.022,6704.01,3817.8,2886.21,0.4305,2.3,5,293.87,151
ORD-10860,22,193.31,107.88,0.027,4137.99,2373.36,1764.63,0.4264,3.7,5,175.27,130
ORD-10861,22,209.61,113.04,0.055,4357.79,2486.88,1870.91,0.4293,4.0,5,174.66,117
ORD-10862,3,45.02,21.21,0.007,134.11,63.63,70.48,0.5255,3.2,6,7.61,13
ORD-10863,16,255.41,149.86,0.052,3874.06,2397.76,1476.3,0.3811,3.4,7,192.69,96
ORD-10864,23,148.97,72.53,0.11,3049.42,1668.19,1381.23,0.4529,4.2,5,143.94,119
ORD-10865,25,342.2,190.68,0.065,7998.92,4767.0,3231.92,0.404,3.1,11,312.12,149
ORD-10866,11,290.76,166.38,0.207,2536.3,1830.18,706.12,0.2784,4.3,5,98.65,59
ORD-10867,12,190.03,87.58,0.096,2061.45,1050.96,1010.49,0.4902,3.5,4,93.08,72
ORD-10868,10,56.28,34.92,0.017,553.23,349.2,204.03,0.3688,4.1,8,44.28,29
ORD-10869,16,302.9,165.49,0.304,3373.09,2647.84,725.25,0.215,3.9,1,138.01,85
ORD-10870,8,282.93,156.89,0.005,2252.12,1255.12,997.0,0.4427,3.4,6,102.49,62
ORD-10871,6,76.84,40.65,0.01,456.43,243.9,212.53,0.4656,4.4,5,34.98,32
ORD-10872,12,113.92,68.03,0.115,1209.83,816.36,393.47,0.3252,3.0,8,65.42,50
ORD-10873,24,280.79,156.25,0.133,5842.68,3750.0,2092.68,0.3582,3.2,7,212.78,128
ORD-10874,28,77.05,43.04,0.028,2096.99,1205.12,891.87,0.4253,3.9,6,102.2,119
ORD-10875,21,322.45,172.85,0.081,6222.96,3629.85,2593.11,0.4167,3.6,7,237.93,152
ORD-10876,8,157.22,95.88,0.175,1037.65,767.04,270.61,0.2608,3.9,3,52.21,47
ORD-10877,26,44.16,24.34,0.037,1105.68,632.84,472.84,0.4276,3.4,8,51.71,71
ORD-10878,28,288.28,170.0,0.1,7264.66,4760.0,2504.66,0.3448,3.4,3,289.41,173
ORD-10879,4,140.13,86.71,0.047,534.18,346.84,187.34,0.3507,3.5,5,49.01,31
ORD-10880,26,191.38,96.37,0.039,4781.82,2505.62,2276.2,0.476,4.2,6,189.41,121
ORD-10881,8,52.62,25.67,0.07,391.49,205.36,186.13,0.4754,3.5,1,22.82,29
ORD-10882,26,15.87,5.0,0.141,354.44,130.0,224.44,0.6332,4.3,6,42.36,80
ORD-10883,28,228.73,125.56,0.018,6289.16,3515.68,2773.48,0.441,3.8,6,258.29,143
ORD-10884,18,187.58,104.1,0.094,3059.05,1873.8,1185.25,0.3875,3.6,4,125.98,92
ORD-10885,28,213.84,118.76,0.134,5185.19,3325.28,1859.91,0.3587,3.0,4,218.39,164
ORD-10886,28,280.9,159.77,0.083,7212.39,4473.56,2738.83,0.3797,2.8,7,311.6,162
ORD-10887,5,231.61,134.85,0.126,1012.14,674.25,337.89,0.3338,3.6,5,77.18,64
ORD-10888,9,73.55,45.29,0.082,607.67,407.61,200.06,0.3292,3.5,5,25.26,42
ORD-10889,4,135.86,71.92,0.171,450.51,287.68,162.83,0.3614,3.7,5,20.19,25
ORD-10890,27,318.47,171.25,0.06,8082.77,4623.75,3459.02,0.4279,4.4,5,334.17,175
ORD-10891,22,272.93,150.13,0.167,5001.72,3302.86,1698.86,0.3397,3.5,10,218.52,122
ORD-10892,17,201.47,112.94,0.125,2996.87,1919.98,1076.89,0.3593,3.6,5,123.32,92
ORD-10893,9,100.64,54.44,0.141,778.05,489.96,288.09,0.3703,4.3,3,56.45,55
ORD-10894,1,116.19,57.18,0.004,115.73,57.18,58.55,0.5059,3.9,5,5.87,2
ORD-10895,21,260.21,146.53,0.029,5305.94,3077.13,2228.81,0.4201,4.4,5,198.72,148
ORD-10896,20,300.14,163.12,0.093,5444.54,3262.4,2182.14,0.4008,3.5,5,240.76,114
ORD-10897,13,239.93,129.85,0.015,3072.3,1688.05,1384.25,0.4506,3.0,9,147.61,82
ORD-10898,28,286.19,157.13,0.113,7107.81,4399.64,2708.17,0.381,3.0,4,314.98,149
ORD-10899,16,271.83,148.31,0.129,3788.22,2372.96,1415.26,0.3736,3.7,5,136.65,88
ORD-10900,29,65.15,34.0,0.086,1726.87,986.0,740.87,0.429,3.3,4,74.09,100
ORD-10901,13,157.02,79.96,0.063,1912.66,1039.48,873.18,0.4565,3.3,4,87.74,64
ORD-10902,14,66.25,35.88,0.032,897.82,502.32,395.5,0.4405,3.9,9,77.27,71
ORD-10903,3,93.8,55.1,0.057,265.36,165.3,100.06,0.3771,3.1,5,23.23,22
ORD-10904,29,306.2,169.73,0.012,8773.24,4922.17,3851.07,0.439,3.8,6,345.73,192
ORD-10905,6,173.42,100.12,0.094,942.71,600.72,341.99,0.3628,3.9,3,57.16,30
ORD-10906,18,194.34,103.24,0.021,3424.66,1858.32,1566.34,0.4574,3.8,5,171.63,107
ORD-10907,19,74.78,34.74,0.05,1349.78,660.06,689.72,0.511,4.0,9,85.44,77
ORD-10908,5,119.61,64.56,0.019,586.69,322.8,263.89,0.4498,3.4,6,46.89,33
ORD-10909,15,92.13,47.6,0.06,1299.03,714.0,585.03,0.4504,4.3,5,70.9,71
ORD-10910,25,84.07,43.69,0.211,1658.28,1092.25,566.03,0.3413,2.8,7,47.31,82
ORD-10911,2,228.72,126.85,0.002,456.53,253.7,202.83,0.4443,4.1,5,33.65,24
ORD-10912,10,101.06,53.07,0.012,998.47,530.7,467.77,0.4685,4.5,3,57.61,41
ORD-10913,24,226.73,118.45,0.082,4995.32,2842.8,2152.52,0.4309,2.1,5,212.41,145
ORD-10914,18,34.58,16.22,0.022,608.75,291.96,316.79,0.5204,3.4,10,49.96,77
ORD-10915,27,62.49,36.07,0.125,1476.33,973.89,502.44,0.3403,3.5,7,71.41,100
ORD-10916,13,106.97,62.19,0.096,1257.11,808.47,448.64,0.3569,4.0,2,59.76,58
ORD-10917,5,215.01,121.56,0.134,930.99,607.8,323.19,0.3471,4.3,6,67.82,42
ORD-10918,23,241.41,134.9,0.099,5002.74,3102.7,1900.04,0.3798,3.2,8,208.91,141
ORD-10919,24,163.31,88.98,0.041,3758.74,2135.52,1623.22,0.4319,3.4,4,166.32,126
ORD-10920,1,164.34,92.41,0.016,161.71,92.41,69.3,0.4285,3.9,4,34.93,34
ORD-10921,22,257.71,141.53,0.129,4938.24,3113.66,1824.58,0.3695,3.8,9,197.37,121
ORD-10922,1,20.3,11.73,0.134,17.58,11.73,5.85,0.3328,3.9,5,5.0,19
ORD-10923,18,129.27,66.4,0.031,2254.73,1195.2,1059.53,0.4699,3.8,5,125.56,105
ORD-10924,15,289.27,159.32,0.116,3835.72,2389.8,1445.92,0.377,3.8,3,159.54,86
ORD-10925,17,217.08,121.29,0.151,3133.12,2061.93,1071.19,0.3419,2.7,7,150.71,88
ORD-10926,11,127.97,72.09,0.122,1235.93,792.99,442.94,0.3584,3.9,5,37.81,52
ORD-10927,21,318.35,168.65,0.109,5956.65,3541.65,2415.0,0.4054,4.3,1,215.72,115
ORD-10928,26,273.83,151.09,0.074,6592.73,3928.34,2664.39,0.4041,3.6,3,284.17,142
ORD-10929,25,103.74,49.84,0.195,2087.77,1246.0,841.77,0.4032,3.5,5,96.6,113
ORD-10930,22,231.17,128.01,0.126,4444.94,2816.22,1628.72,0.3664,3.4,3,198.4,138
ORD-10931,27,214.58,114.51,0.101,5208.5,3091.77,2116.73,0.4064,4.1,4,251.46,141
ORD-10932,27,149.4,90.7,0.167,3360.16,2448.9,911.26,0.2712,3.0,11,130.85,102
ORD-10933,17,137.93,76.46,0.154,1983.71,1299.82,683.89,0.3448,3.5,7,94.92,74
ORD-10934,13,130.09,75.56,0.038,1626.91,982.28,644.63,0.3962,4.3,1,102.24,86
ORD-10935,1,221.75,132.52,0.112,196.91,132.52,64.39,0.327,3.9,4,6.48,10
ORD-10936,2,163.21,85.68,0.186,265.71,171.36,94.35,0.3551,4.0,4,16.86,21
ORD-10937,9,293.67,163.7,0.17,2193.71,1473.3,720.41,0.3284,4.0,2,76.24,59
ORD-10938,3,239.32,125.7,0.086,656.22,377.1,279.12,0.4253,3.7,6,74.82,42
ORD-10939,1,38.43,22.86,0.102,34.51,22.86,11.65,0.3376,4.1,1,5.0,29
ORD-10940,21,229.46,135.03,0.033,4659.64,2835.63,1824.01,0.3914,3.7,8,213.36,119
ORD-10941,16,105.83,55.07,0.027,1647.56,881.12,766.44,0.4652,3.7,8,61.11,67
ORD-10942,23,213.59,113.04,0.218,3841.63,2599.92,1241.71,0.3232,2.7,10,152.9,116
ORD-10943,6,242.84,133.11,0.023,1423.53,798.66,624.87,0.439,3.8,2,87.9,51
ORD-10944,28,92.33,61.01,0.186,2104.39,1708.28,396.11,0.1882,3.7,3,88.04,94
ORD-10945,17,168.05,96.28,0.032,2765.43,1636.76,1128.67,0.4081,3.8,7,135.39,78
ORD-10946,5,78.76,38.79,0.089,358.75,193.95,164.8,0.4594,4.2,7,50.05,23
ORD-10947,5,32.53,25.17,0.174,134.35,125.85,8.5,0.0633,3.3,6,23.38,37
ORD-10948,6,141.79,69.71,0.138,733.34,418.26,315.08,0.4297,3.9,7,57.67,34
ORD-10949,3,136.59,85.81,0.082,376.17,257.43,118.74,0.3157,3.3,7,31.26,32
ORD-10950,21,348.49,195.95,0.163,6125.41,4114.95,2010.46,0.3282,4.1,6,261.92,142
ORD-10951,23,164.53,99.31,0.139,3258.19,2284.13,974.06,0.299,4.5,5,135.8,98
ORD-10952,5,126.75,61.47,0.041,607.77,307.35,300.42,0.4943,3.3,2,68.24,33
ORD-10953,21,209.46,116.05,0.194,3545.32,2437.05,1108.27,0.3126,3.5,5,167.96,114
ORD-10954,5,44.74,23.94,0.172,185.22,119.7,65.52,0.3537,2.8,4,30.24,32
ORD-10955,10,337.16,180.4,0.02,3304.17,1804.0,1500.17,0.454,3.3,3,158.72,88
ORD-10956,10,227.71,118.76,0.154,1926.43,1187.6,738.83,0.3835,3.0,5,81.9,55
ORD-10957,19,267.87,149.86,0.077,4697.64,2847.34,1850.3,0.3939,4.1,3,216.87,114
ORD-10958,17,72.11,42.65,0.143,1050.57,725.05,325.52,0.3099,3.6,8,80.36,78
ORD-10959,21,152.18,90.2,0.167,2662.08,1894.2,767.88,0.2885,3.9,6,100.77,107
ORD-10960,14,156.6,83.61,0.006,2179.25,1170.54,1008.71,0.4629,4.1,4,110.29,59
ORD-10961,9,290.31,158.96,0.012,2581.44,1430.64,1150.8,0.4458,4.0,5,119.2,60
ORD-10962,14,15.41,5.0,0.008,214.01,70.0,144.01,0.6729,4.0,3,15.77,56
ORD-10963,1,115.79,71.39,0.039,111.27,71.39,39.88,0.3584,3.9,3,5.0,16
ORD-10964,19,343.71,189.39,0.203,5204.8,3598.41,1606.39,0.3086,4.1,4,238.97,135
ORD-10965,13,174.09,99.36,0.019,2220.17,1291.68,928.49,0.4182,3.8,5,106.93,70
ORD-10966,13,143.15,82.52,0.104,1667.41,1072.76,594.65,0.3566,3.9,5,78.59,50
ORD-10967,4,55.14,37.62,0.255,164.32,150.48,13.84,0.0842,2.7,5,29.71,46
ORD-10968,1,341.35,183.59,0.033,330.09,183.59,146.5,0.4438,3.5,2,26.29,31
ORD-10969,17,21.71,15.43,0.068,343.97,262.31,81.66,0.2374,4.1,5,18.2,58
ORD-10970,8,261.96,143.95,0.119,1846.29,1151.6,694.69,0.3763,3.6,3,90.79,49
ORD-10971,2,272.48,160.39,0.031,528.07,320.78,207.29,0.3925,3.5,1,35.7,21
ORD-10972,28,96.62,48.97,0.241,2053.37,1371.16,682.21,0.3322,3.3,12,70.52,103
ORD-10973,8,239.97,137.84,0.159,1614.52,1102.72,511.8,0.317,3.8,3,70.14,49
ORD-10974,7,46.13,27.12,0.06,303.54,189.84,113.7,0.3746,3.7,3,8.18,30
ORD-10975,26,101.11,57.1,0.205,2089.94,1484.6,605.34,0.2896,4.4,3,73.83,113
ORD-10976,26,278.95,153.69,0.071,6737.76,3995.94,2741.82,0.4069,4.4,4,291.53,172
ORD-10977,2,304.67,174.3,0.052,577.65,348.6,229.05,0.3965,3.8,4,28.07,12
ORD-10978,22,218.84,121.68,0.031,4665.23,2676.96,1988.27,0.4262,3.8,8,217.23,131
ORD-10979,22,184.79,94.01,0.04,3902.76,2068.22,1834.54,0.4701,2.9,5,143.68,103
ORD-10980,3,68.37,43.7,0.057,193.42,131.1,62.32,0.3222,4.3,4,18.27,26
ORD-10981,27,36.14,25.06,0.065,912.35,676.62,235.73,0.2584,3.1,8,42.26,90
ORD-10982,18,54.41,32.86,0.046,934.33,591.48,342.85,0.3669,3.3,4,28.7,93
ORD-10983,12,91.16,44.5,0.044,1045.79,534.0,511.79,0.4894,3.1,5,56.91,61
ORD-10984,1,129.46,66.34,0.09,117.81,66.34,51.47,0.4369,3.1,3,5.0,13
ORD-10985,22,142.6,69.04,0.149,2669.76,1518.88,1150.88,0.4311,3.8,9,125.13,121
ORD-10986,12,131.02,74.36,0.1,1415.02,892.32,522.7,0.3694,3.8,7,82.41,67
ORD-10987,5,95.08,45.55,0.066,444.02,227.75,216.27,0.4871,3.5,4,36.77,18
ORD-10988,27,185.76,93.57,0.056,4734.65,2526.39,2208.26,0.4664,4.1,5,210.29,139
ORD-10989,25,291.47,166.68,0.204,5800.25,4167.0,1633.25,0.2816,3.3,6,262.48,157
ORD-10990,17,108.7,63.63,0.036,1781.38,1081.71,699.67,0.3928,3.9,5,85.85,83
ORD-10991,16,330.7,180.22,0.193,4270.0,2883.52,1386.48,0.3247,3.7,2,173.41,112
ORD-10992,15,307.57,168.49,0.123,4046.08,2527.35,1518.73,0.3754,3.5,7,167.71,99
ORD-10993,23,69.19,26.02,0.096,1438.6,598.46,840.14,0.584,3.4,5,63.73,87
ORD-10994,15,278.4,157.7,0.028,4059.07,2365.5,1693.57,0.4172,3.2,9,161.71,82
ORD-10995,5,207.49,110.66,0.192,838.26,553.3,284.96,0.3399,3.8,6,60.29,56
ORD-10996,21,204.8,114.29,0.066,4016.95,2400.09,1616.86,0.4025,4.3,1,183.58,115
ORD-10997,14,146.0,67.86,0.094,1851.86,950.04,901.82,0.487,3.7,3,64.1,54
ORD-10998,2,182.89,105.48,0.106,327.01,210.96,116.05,0.3549,3.4,1,15.69,46
ORD-10999,11,148.05,77.66,0.064,1524.32,854.26,670.06,0.4396,5.0,2,59.59,72
ORD-11000,19,195.81,100.82,0.111,3307.43,1915.58,1391.85,0.4208,4.0,2,152.06,99
ORD-11001,7,225.36,122.25,0.092,1432.39,855.75,576.64,0.4026,3.9,5,88.44,35
ORD-11002,6,240.89,129.51,0.074,1338.38,777.06,561.32,0.4194,3.3,4,75.26,40
ORD-11003,28,193.38,111.73,0.167,4510.4,3128.44,1381.96,0.3064,4.0,7,184.9,151
ORD-11004,2,256.68,139.07,0.084,470.24,278.14,192.1,0.4085,4.3,5,29.02,25
ORD-11005,6,62.33,41.09,0.074,346.31,246.54,99.77,0.2881,3.1,4,7.96,14
ORD-11006,18,86.01,48.96,0.002,1545.08,881.28,663.8,0.4296,3.4,9,57.06,80
ORD-11007,2,289.28,163.58,0.169,480.78,327.16,153.62,0.3195,3.6,5,46.92,27
ORD-11008,18,123.05,67.67,0.034,2139.59,1218.06,921.53,0.4307,4.7,5,122.25,85
ORD-11009,15,22.67,18.83,0.202,271.36,282.45,-11.09,-0.0409,4.3,4,15.13,46
ORD-11010,27,66.52,30.82,0.153,1521.25,832.14,689.11,0.453,3.3,3,76.57,114
ORD-11011,19,89.91,50.02,0.14,1469.13,950.38,518.75,0.3531,3.2,7,84.57,88
ORD-11012,2,335.7,182.65,0.063,629.1,365.3,263.8,0.4193,3.3,6,15.21,5
ORD-11013,20,206.97,120.82,0.14,3559.88,2416.4,1143.48,0.3212,3.5,9,141.66,106
ORD-11014,25,327.46,187.6,0.179,6721.12,4690.0,2031.12,0.3022,4.1,7,313.75,168
ORD-11015,6,207.68,114.23,0.105,1115.24,685.38,429.86,0.3854,3.8,4,45.24,34
ORD-11016,1,175.58,90.11,0.029,170.49,90.11,80.38,0.4715,3.9,6,16.39,14
ORD-11017,24,120.1,68.19,0.023,2816.1,1636.56,1179.54,0.4189,3.4,6,118.6,97
ORD-11018,15,218.13,111.65,0.043,3131.26,1674.75,1456.51,0.4652,3.8,7,110.33,74
ORD-11019,28,61.63,42.03,0.037,1661.79,1176.84,484.95,0.2918,3.3,9,82.71,108
ORD-11020,23,315.92,171.39,0.006,7222.56,3941.97,3280.59,0.4542,3.1,5,303.52,156
ORD-11021,10,292.83,160.9,0.027,2849.24,1609.0,1240.24,0.4353,3.6,9,131.68,80
ORD-11022,19,121.37,63.35,0.057,2174.59,1203.65,970.94,0.4465,3.5,8,100.71,80
ORD-11023,17,334.19,179.3,0.026,5533.52,3048.1,2485.42,0.4492,3.3,5,229.44,128
ORD-11024,5,291.44,163.98,0.202,1162.85,819.9,342.95,0.2949,4.2,6,53.75,52
ORD-11025,29,238.21,130.22,0.094,6258.73,3776.38,2482.35,0.3966,3.3,7,257.85,160
ORD-11026,4,55.79,30.9,0.022,218.25,123.6,94.65,0.4337,4.0,5,8.9,28
ORD-11027,10,175.21,91.35,0.112,1555.86,913.5,642.36,0.4129,3.2,9,64.73,60
ORD-11028,24,184.55,105.78,0.197,3556.65,2538.72,1017.93,0.2862,4.1,7,142.69,108
ORD-11029,17,92.9,55.88,0.138,1361.36,949.96,411.4,0.3022,3.7,4,78.06,82
ORD-11030,10,41.79,21.94,0.062,391.99,219.4,172.59,0.4403,3.2,3,35.27,23
ORD-11031,17,275.2,157.7,0.03,4538.05,2680.9,1857.15,0.4092,4.3,3,196.93,85
ORD-11032,28,55.88,30.21,0.042,1498.93,845.88,653.05,0.4357,4.2,7,104.09,108
ORD-11033,20,214.09,121.65,0.232,3288.42,2433.0,855.42,0.2601,3.4,5,132.65,106
ORD-11034,24,328.71,172.68,0.019,7739.15,4144.32,3594.83,0.4645,4.0,6,341.35,172
ORD-11035,5,308.5,171.44,0.16,1295.7,857.2,438.5,0.3384,3.6,7,62.93,49
ORD-11036,2,108.05,58.07,0.044,206.59,116.14,90.45,0.4378,3.3,9,25.62,11
ORD-11037,6,300.24,165.91,0.167,1500.6,995.46,505.14,0.3366,4.1,4,85.09,59
ORD-11038,21,15.11,8.86,0.184,258.92,186.06,72.86,0.2814,3.5,3,18.19,84
ORD-11039,2,20.93,12.14,0.091,38.05,24.28,13.77,0.3619,3.5,8,5.0,10
ORD-11040,13,216.86,122.35,0.13,2452.69,1590.55,862.14,0.3515,4.0,2,99.73,80
ORD-11041,11,137.21,72.64,0.129,1314.61,799.04,515.57,0.3922,4.0,2,35.99,49
ORD-11042,11,144.46,82.3,0.083,1457.17,905.3,551.87,0.3787,3.1,9,82.39,67
ORD-11043,16,204.09,118.41,0.033,3157.68,1894.56,1263.12,0.4,4.4,7,150.05,111
ORD-11044,11,79.25,36.54,0.023,851.7,401.94,449.76,0.5281,4.2,6,72.82,63
ORD-11045,19,85.94,43.36,0.025,1592.04,823.84,768.2,0.4825,4.2,5,84.91,91
ORD-11046,15,177.34,93.84,0.021,2604.24,1407.6,1196.64,0.4595,4.4,5,129.0,74
ORD-11047,25,267.67,141.76,0.131,5815.13,3544.0,2271.13,0.3906,3.8,4,246.38,154
ORD-11048,23,222.53,120.02,0.034,4944.17,2760.46,2183.71,0.4417,3.6,5,219.74,150
ORD-11049,23,114.61,68.2,0.111,2343.43,1568.6,774.83,0.3306,3.2,6,125.08,96
ORD-11050,16,159.16,94.78,0.1,2291.9,1516.48,775.42,0.3383,3.6,3,9500.0,80
ORD-11051,11,72.17,40.22,0.119,699.4,442.42,256.98,0.3674,3.5,3,35.16,55
ORD-11052,22,40.0,20.38,0.02,862.4,448.36,414.04,0.4801,3.9,1,46.19,83
ORD-11053,16,277.2,156.47,0.014,4373.11,2503.52,1869.59,0.4275,3.9,5,201.2,97
ORD-11054,8,103.9,45.33,0.038,799.61,362.64,436.97,0.5465,4.1,5,39.62,44
ORD-11055,4,74.55,35.73,0.035,287.76,142.92,144.84,0.5033,3.9,8,39.85,29
ORD-11056,8,246.69,124.07,0.119,1738.67,992.56,746.11,0.4291,3.2,6,113.18,54
ORD-11057,4,222.05,116.8,0.07,826.03,467.2,358.83,0.4344,4.1,4,61.56,52
ORD-11058,24,227.12,121.08,0.044,5211.04,2905.92,2305.12,0.4424,4.2,5,234.65,140
ORD-11059,25,91.68,57.81,0.078,2113.22,1445.25,667.97,0.3161,3.5,7,104.74,114
ORD-11060,3,92.94,37.31,0.224,216.36,111.93,104.43,0.4827,4.1,5,12.0,9
ORD-11061,3,88.97,46.85,0.049,253.83,140.55,113.28,0.4463,4.0,6,12.14,27
ORD-11062,27,73.21,43.36,0.025,1927.25,1170.72,756.53,0.3925,3.1,7,78.93,112
ORD-11063,29,234.67,131.12,0.02,6669.32,3802.48,2866.84,0.4299,4.7,5,290.09,167
ORD-11064,18,299.09,171.81,0.111,4786.04,3092.58,1693.46,0.3538,3.5,4,200.6,110
ORD-11065,29,257.65,142.51,0.077,6896.52,4132.79,2763.73,0.4007,4.1,5,290.43,157
ORD-11066,26,280.35,156.06,0.186,5933.33,4057.56,1875.77,0.3161,4.1,4,258.61,144
ORD-11067,19,150.61,73.64,0.09,2604.05,1399.16,1204.89,0.4627,3.4,3,106.56,85
ORD-11068,19,234.12,123.82,0.342,2926.97,2352.58,574.39,0.1962,3.3,9,124.55,85
ORD-11069,21,133.67,64.6,0.093,2546.01,1356.6,1189.41,0.4672,4.0,6,121.68,91
ORD-11070,5,191.04,107.94,0.169,793.77,539.7,254.07,0.3201,3.3,4,42.39,37
ORD-11071,18,176.35,98.74,0.144,2717.2,1777.32,939.88,0.3459,3.8,4,120.73,94
ORD-11072,28,74.26,42.41,0.022,2033.54,1187.48,846.06,0.4161,4.0,7,80.85,115
ORD-11073,10,144.67,75.16,0.031,1401.85,751.6,650.25,0.4639,4.0,7,68.32,48
ORD-11074,29,337.88,180.97,0.046,9347.79,5248.13,4099.66,0.4386,3.4,7,413.69,207
ORD-11075,22,98.27,55.1,0.025,2107.89,1212.2,895.69,0.4249,4.2,7,92.62,89
ORD-11076,21,59.82,29.55,0.172,1040.15,620.55,419.6,0.4034,4.3,4,39.4,69
ORD-11077,6,155.22,80.27,0.061,874.51,481.62,392.89,0.4493,3.8,5,64.35,41
ORD-11078,1,279.76,151.33,0.078,257.94,151.33,106.61,0.4133,3.6,3,33.17,20
ORD-11079,5,210.02,112.21,0.039,1009.15,561.05,448.1,0.444,3.3,5,58.56,43
ORD-11080,9,243.13,129.39,0.096,1978.11,1164.51,813.6,0.4113,3.7,7,74.34,51
ORD-11081,12,78.55,37.07,0.044,901.13,444.84,456.29,0.5064,4.3,6,33.4,62
ORD-11082,26,222.35,124.54,0.066,5399.55,3238.04,2161.51,0.4003,3.4,9,207.92,120
ORD-11083,14,123.37,75.63,0.16,1450.83,1058.82,392.01,0.2702,3.3,5,79.51,79
ORD-11084,2,294.49,161.77,0.225,456.46,323.54,132.92,0.2912,4.1,3,48.56,26
ORD-11085,17,225.82,125.31,0.169,3190.16,2130.27,1059.89,0.3322,3.7,6,149.59,95
ORD-11086,14,81.62,47.57,0.119,1006.7,665.98,340.72,0.3385,3.9,5,84.52,70
ORD-11087,26,36.65,21.99,0.034,920.5,571.74,348.76,0.3789,3.5,6,45.19,96
ORD-11088,13,29.28,11.87,0.028,369.98,154.31,215.67,0.5829,3.6,5,24.94,41
ORD-11089,27,139.42,85.28,0.154,3184.63,2302.56,882.07,0.277,3.5,5,143.98,114
ORD-11090,9,104.06,53.45,0.088,854.12,481.05,373.07,0.4368,3.9,5,45.72,51
ORD-11091,26,231.44,130.53,0.083,5517.99,3393.78,2124.21,0.385,3.4,8,243.2,131
ORD-11092,25,182.28,102.9,0.099,4105.86,2572.5,1533.36,0.3735,3.7,8,169.64,123
ORD-11093,15,104.12,47.47,0.042,1496.2,712.05,784.15,0.5241,3.6,4,53.93,56
ORD-11094,25,64.99,33.95,0.073,1506.14,848.75,657.39,0.4365,3.9,6,48.41,77
ORD-11095,22,57.61,31.97,0.136,1095.05,703.34,391.71,0.3577,3.7,9,66.01,68
ORD-11096,15,304.66,168.23,0.006,4542.48,2523.45,2019.03,0.4445,4.0,4,188.81,112
ORD-11097,24,96.57,54.62,0.075,2143.85,1310.88,832.97,0.3885,4.2,4,83.21,97
ORD-11098,11,233.32,132.11,0.131,2230.31,1453.21,777.1,0.3484,3.3,7,94.93,59
ORD-11099,16,286.58,157.58,0.028,4456.89,2521.28,1935.61,0.4343,3.9,7,222.56,115
ORD-11100,29,220.72,123.17,0.079,5895.21,3571.93,2323.28,0.3941,3.9,4,234.14,142
ORD-11101,17,302.95,166.4,0.038,4954.44,2828.8,2125.64,0.429,3.6,3,224.09,114
ORD-11102,26,146.45,75.46,0.098,3434.55,1961.96,1472.59,0.4288,2.9,6,158.7,121
ORD-11103,4,335.33,184.59,0.009,1329.25,738.36,590.89,0.4445,3.2,4,88.29,47
ORD-11104,1,59.6,36.53,0.171,49.41,36.53,12.88,0.2607,3.1,1,15.13,21
ORD-11105,8,49.22,32.61,0.063,368.95,260.88,108.07,0.2929,4.0,4,6.35,14
ORD-11106,17,235.66,132.3,0.039,3849.98,2249.1,1600.88,0.4158,3.5,7,183.89,112
ORD-11107,3,330.85,188.64,0.121,872.45,565.92,306.53,0.3513,3.8,4,46.15,14
ORD-11108,29,285.98,159.38,0.01,8210.49,4622.02,3588.47,0.4371,3.4,9,362.54,196
ORD-11109,20,40.6,26.65,0.11,722.68,533.0,189.68,0.2625,4.3,1,56.15,75
ORD-11110,15,108.59,64.41,0.127,1421.99,966.15,455.84,0.3206,3.7,8,86.82,84
ORD-11111,15,326.66,178.55,0.156,4135.52,2678.25,1457.27,0.3524,3.7,5,215.95,106
ORD-11112,24,99.77,58.5,0.043,2291.52,1404.0,887.52,0.3873,3.8,5,110.89,111
ORD-11113,22,276.69,147.48,0.076,5624.55,3244.56,2379.99,0.4231,4.0,2,261.62,132
ORD-11114,14,291.42,162.03,0.224,3165.99,2268.42,897.57,0.2835,4.1,6,135.57,87
ORD-11115,26,180.98,102.42,0.13,4093.77,2662.92,1430.85,0.3495,3.1,2,186.86,111
ORD-11116,28,144.43,84.69,0.044,3866.1,2371.32,1494.78,0.3866,3.3,8,162.11,137
ORD-11117,23,165.79,95.29,0.044,3645.39,2191.67,1453.72,0.3988,4.3,3,168.0,135
ORD-11118,14,91.03,55.39,0.147,1087.08,775.46,311.62,0.2867,4.4,2,64.11,57
ORD-11119,24,312.95,171.63,0.129,6541.91,4119.12,2422.79,0.3703,4.0,3,245.77,145
ORD-11120,2,165.96,89.55,0.108,296.07,179.1,116.97,0.3951,3.8,3,17.67,25
ORD-11121,13,310.62,169.47,0.102,3626.18,2203.11,1423.07,0.3924,4.3,7,163.5,76
ORD-11122,26,50.41,29.06,0.067,1222.85,755.56,467.29,0.3821,3.5,9,30.05,77
ORD-11123,14,346.07,181.29,0.015,4772.31,2538.06,2234.25,0.4682,3.9,4,204.45,98
ORD-11124,27,163.5,96.58,0.226,3416.82,2607.66,809.16,0.2368,4.1,6,166.8,152
ORD-11125,24,31.02,17.28,0.119,655.89,414.72,241.17,0.3677,3.7,7,60.74,99
ORD-11126,19,27.74,13.18,0.044,503.87,250.42,253.45,0.503,4.1,5,23.42,62
ORD-11127,7,264.98,133.09,0.026,1806.63,931.63,875.0,0.4843,4.1,6,107.73,68
ORD-11128,3,235.78,129.49,0.041,678.34,388.47,289.87,0.4273,3.6,5,60.26,38
ORD-11129,15,283.71,155.05,0.193,3434.31,2325.75,1108.56,0.3228,4.4,5,120.15,89
ORD-11130,23,50.3,23.18,0.06,1087.49,533.14,554.35,0.5098,2.9,3,60.24,75
ORD-11131,14,26.92,11.44,0.157,317.71,160.16,157.55,0.4959,2.9,5,31.1,68
ORD-11132,11,185.37,101.82,0.026,1986.05,1120.02,866.03,0.4361,3.3,7,117.22,65
ORD-11133,15,144.84,76.72,0.036,2094.39,1150.8,943.59,0.4505,3.7,4,103.07,71
ORD-11134,28,169.75,96.22,0.079,4377.51,2694.16,1683.35,0.3845,4.1,2,211.01,149
ORD-11135,13,347.18,187.21,0.021,4418.56,2433.73,1984.83,0.4492,3.5,5,180.03,100
ORD-11136,18,340.2,187.88,0.087,5590.85,3381.84,2209.01,0.3951,3.5,8,214.66,120
ORD-11137,26,330.68,187.77,0.171,7127.48,4882.02,2245.46,0.315,3.3,8,290.38,171
ORD-11138,6,277.59,152.49,0.135,1440.69,914.94,525.75,0.3649,4.6,4,96.28,42
ORD-11139,3,133.87,75.41,0.163,336.15,226.23,109.92,0.327,3.3,6,42.33,49
ORD-11140,19,153.06,85.65,0.103,2608.6,1627.35,981.25,0.3762,2.9,7,154.18,99
ORD-11141,15,199.12,109.56,0.063,2798.63,1643.4,1155.23,0.4128,4.0,8,105.3,78
ORD-11142,25,293.23,160.94,0.055,6927.56,4023.5,2904.06,0.4192,3.6,3,307.72,183
ORD-11143,23,38.02,18.05,0.042,837.73,415.15,422.58,0.5044,3.8,4,59.83,78
ORD-11144,5,157.14,87.18,0.045,750.34,435.9,314.44,0.4191,3.8,1,40.73,45
ORD-11145,28,42.68,22.06,0.087,1091.07,617.68,473.39,0.4339,4.0,5,70.28,99
ORD-11146,10,187.41,110.81,0.116,1656.7,1108.1,548.6,0.3311,3.0,7,83.37,52
ORD-11147,7,316.13,177.93,0.029,2148.74,1245.51,903.23,0.4204,2.7,4,107.85,56
ORD-11148,25,277.13,145.16,0.014,6831.25,3629.0,3202.25,0.4688,4.5,3,298.46,168
ORD-11149,17,91.33,43.25,0.015,1529.32,735.25,794.07,0.5192,3.8,6,90.87,90
ORD-11150,7,341.96,187.43,0.075,2214.19,1312.01,902.18,0.4075,4.2,5,104.87,61
ORD-11151,22,238.56,129.23,0.207,4161.92,2843.06,1318.86,0.3169,4.2,4,208.14,111
ORD-11152,26,18.49,9.25,0.202,383.63,240.5,143.13,0.3731,3.3,5,27.11,89
ORD-11153,12,100.56,58.56,0.081,1108.98,702.72,406.26,0.3663,3.8,5,87.62,65
ORD-11154,25,102.34,57.87,0.079,2356.38,1446.75,909.63,0.386,3.8,7,92.34,89
ORD-11155,17,38.2,22.54,0.193,524.07,383.18,140.89,0.2688,3.7,4,21.19,62
ORD-11156,13,336.54,192.33,0.114,3876.27,2500.29,1375.98,0.355,3.7,4,156.15,101
ORD-11157,20,175.22,89.43,0.073,3248.58,1788.6,1459.98,0.4494,3.3,9,159.3,108
ORD-11158,25,315.1,173.82,0.017,7743.58,4345.5,3398.08,0.4388,4.2,5,312.66,176
ORD-11159,4,122.94,64.72,0.106,439.63,258.88,180.75,0.4111,3.6,5,54.94,41
ORD-11160,10,56.95,38.5,0.031,551.85,385.0,166.85,0.3023,3.9,6,29.18,49
ORD-11161,3,173.9,84.6,0.073,483.62,253.8,229.82,0.4752,4.2,1,40.33,27
ORD-11162,9,53.18,18.42,0.097,432.19,165.78,266.41,0.6164,3.3,5,41.89,53
ORD-11163,13,177.82,99.32,0.08,2126.73,1291.16,835.57,0.3929,4.1,2,84.83,77
ORD-11164,18,323.3,183.45,0.099,5243.28,3302.1,1941.18,0.3702,3.1,5,203.87,124
ORD-11165,15,189.46,108.07,0.205,2259.31,1621.05,638.26,0.2825,3.6,8,109.62,77
ORD-11166,4,221.53,117.84,0.095,801.94,471.36,330.58,0.4122,4.2,3,42.92,43
ORD-11167,15,67.47,44.64,0.04,971.57,669.6,301.97,0.3108,4.5,2,61.34,70
ORD-11168,22,29.65,10.15,0.133,565.54,223.3,342.24,0.6052,3.0,9,17.44,61
ORD-11169,2,52.12,35.2,0.101,93.71,70.4,23.31,0.2487,3.7,2,13.4,15
ORD-11170,15,215.51,113.03,0.077,2983.74,1695.45,1288.29,0.4318,4.1,2,131.62,82
ORD-11171,8,46.83,24.0,0.033,362.28,192.0,170.28,0.47,3.3,8,5.0,12
ORD-11172,8,140.96,80.72,0.062,1057.76,645.76,412.0,0.3895,3.1,3,72.24,62
ORD-11173,17,199.28,102.27,0.085,3099.8,1738.59,1361.21,0.4391,3.2,9,127.63,122
ORD-11174,12,145.2,87.21,0.009,1726.72,1046.52,680.2,0.3939,3.8,6,106.56,84
ORD-11175,19,69.83,36.62,0.086,1212.67,695.78,516.89,0.4262,3.9,8,53.11,75
ORD-11176,10,106.72,59.38,0.12,939.14,593.8,345.34,0.3677,4.4,5,44.75,43
ORD-11177,9,325.99,185.11,0.153,2485.02,1665.99,819.03,0.3296,3.6,7,95.77,52
ORD-11178,5,241.45,128.83,0.148,1028.58,644.15,384.43,0.3737,4.1,3,73.34,46
ORD-11179,6,181.18,104.95,0.153,920.76,629.7,291.06,0.3161,4.1,4,58.64,52
ORD-11180,20,19.26,18.297,0.01,381.35,365.94,15.41,0.0404,3.3,1,51.26,69
ORD-11181,26,347.46,187.83,0.071,8392.55,4883.58,3508.97,0.4181,3.1,8,347.59,205
ORD-11182,2,239.94,138.81,0.069,446.77,277.62,169.15,0.3786,3.8,5,32.25,11
ORD-11183,27,121.17,57.84,0.127,2856.1,1561.68,1294.42,0.4532,4.4,4,104.01,111
ORD-11184,24,309.56,172.21,0.128,6478.47,4133.04,2345.43,0.362,4.2,2,264.78,150
ORD-11185,27,101.57,49.72,0.08,2523.0,1342.44,1180.56,0.4679,3.8,6,118.48,113
ORD-11186,13,197.25,113.2,0.018,2518.09,1471.6,1046.49,0.4156,3.4,9,121.53,73
ORD-11187,6,228.08,129.75,0.044,1308.27,778.5,529.77,0.4049,3.9,5,94.69,54
ORD-11188,5,89.06,59.37,0.171,369.15,296.85,72.3,0.1959,3.6,3,5.0,20
ORD-11189,25,342.76,195.62,0.08,7883.48,4890.5,2992.98,0.3797,3.5,4,333.78,186
ORD-11190,1,265.64,145.27,0.132,230.58,145.27,85.31,0.37,3.3,7,18.58,34
ORD-11191,21,201.87,105.62,0.071,3938.28,2218.02,1720.26,0.4368,4.4,4,173.66,111
ORD-11192,22,75.5,44.35,0.131,1443.41,975.7,467.71,0.324,3.4,5,74.28,71
ORD-11193,21,33.04,17.87,0.245,523.85,375.27,148.58,0.2836,3.2,8,33.09,76
ORD-11194,6,122.22,74.98,0.224,569.06,449.88,119.18,0.2094,3.7,6,20.77,34
ORD-11195,6,267.32,136.19,0.016,1578.26,817.14,761.12,0.4823,3.5,4,58.35,44
ORD-11196,23,105.23,68.82,0.082,2221.83,1582.86,638.97,0.2876,3.9,4,99.9,103
ORD-11197,16,195.75,110.32,0.113,2778.08,1765.12,1012.96,0.3646,3.6,8,104.81,95
ORD-11198,4,258.86,138.31,0.044,989.88,553.24,436.64,0.4411,3.8,2,52.9,44
ORD-11199,11,51.16,31.81,0.022,550.38,349.91,200.47,0.3642,3.7,5,33.21,53
